stop_id,stop_name,similar_stop_id,similar_stop_name
0001-01,愛育クリニック前,0001,愛育クリニック前
0001-02,愛育クリニック前,0001,愛育クリニック前
0003-01,青戸車庫前,0003,青戸車庫前
0003-02,青戸車庫前,0003,青戸車庫前
0003-03,青戸車庫前,0003,青戸車庫前
0004-01,青物横丁,0004,青物横丁
0004-02,青物横丁,0004,青物横丁
0005-01,渋谷三丁目,0005,渋谷三丁目
0005-02,渋谷三丁目,0005,渋谷三丁目
0005-03,渋谷三丁目,0005,渋谷三丁目
0006-01,青山学院初等部前,0006,青山学院初等部前
0006-02,青山学院初等部前,0006,青山学院初等部前
0007-01,青山学院中等部前,0007,青山学院中等部前
0007-02,青山学院中等部前,0007,青山学院中等部前
0008-01,青山学院前,0008,青山学院前
0008-02,青山学院前,0008,青山学院前
0009-01,青山斎場,0009,青山斎場
0009-02,青山斎場,0009,青山斎場
0010-01,北青山一丁目アパート前,0010,北青山一丁目アパート前
0010-02,北青山一丁目アパート前,0010,北青山一丁目アパート前
0011-01,青山陸橋下,0011,青山陸橋下
0011-02,青山陸橋下,0011,青山陸橋下
0012-01,青山一丁目駅前,0012,青山一丁目駅前
0012-02,青山一丁目駅前,0012,青山一丁目駅前
0012-03,青山一丁目駅前,0012,青山一丁目駅前
0012-04,青山一丁目駅前,0012,青山一丁目駅前
0014-01,青山いきいきプラザ入口,0014,青山いきいきプラザ入口
0014-02,青山いきいきプラザ入口,0014,青山いきいきプラザ入口
0016-02,赤坂アークヒルズ前,0016,赤坂アークヒルズ前
0016-03,赤坂アークヒルズ前,0016,赤坂アークヒルズ前
0018-01,明石町,0018,明石町
0018-02,明石町,0018,明石町
0019-01,赤土小学校前,0019,赤土小学校前
0019-02,赤土小学校前,0019,赤土小学校前
0020-01,赤仁田,0020,赤仁田
0020-02,赤仁田,0020,赤仁田
0021-01,赤羽駅東口,0021,赤羽駅東口
0022-05,赤羽橋駅前,0022,赤羽橋駅前
0022-06,赤羽橋駅前,0022,赤羽橋駅前
0022-07,赤羽橋駅前,0022,赤羽橋駅前
0023-01,赤羽二丁目,0023,赤羽二丁目
0023-02,赤羽二丁目,0023,赤羽二丁目
0024-01,赤不動,0024,赤不動
0024-02,赤不動,0024,赤不動
0027-01,秋葉原駅前,0027,秋葉原駅前
0027-04,秋葉原駅前,0027,秋葉原駅前
0028-01,曙橋,0028,曙橋
0028-02,曙橋,0028,曙橋
0029-01,阿佐ヶ谷駅前,0029,阿佐ヶ谷駅前
0030-01,阿佐ヶ谷南一丁目,0030,阿佐ヶ谷南一丁目
0030-02,阿佐ヶ谷南一丁目,0030,阿佐ヶ谷南一丁目
0032-01,浅草雷門,0032,浅草雷門
0032-02,浅草雷門,0032,浅草雷門
0032-03,浅草雷門,0032,浅草雷門
0032-04,浅草雷門,0032,浅草雷門
0032-05,浅草雷門,0032,浅草雷門
0032-06,浅草雷門,0032,浅草雷門
0032-08,浅草雷門,0032,浅草雷門
0033-01,浅草警察署前,0033,浅草警察署前
0033-02,浅草警察署前,0033,浅草警察署前
0034-01,浅草公園六区,0034,浅草公園六区
0034-02,浅草公園六区,0034,浅草公園六区
0034-05,浅草公園六区,0034,浅草公園六区
0035-06,浅草寿町,0035,浅草寿町
0035-08,浅草寿町,0035,浅草寿町
0035-09,浅草寿町,0035,浅草寿町
0035-10,浅草寿町,0035,浅草寿町
0035-11,浅草寿町,0035,浅草寿町
0035-12,浅草寿町,0035,浅草寿町
0036-01,浅草橋,0036,浅草橋
0036-02,浅草橋,0036,浅草橋
0036-05,浅草橋,0036,浅草橋
0037-03,浅草橋駅前,0037,浅草橋駅前
0037-04,浅草橋駅前,0037,浅草橋駅前
0038-01,浅草一丁目,0038,浅草一丁目
0038-02,浅草一丁目,0038,浅草一丁目
0038-03,浅草一丁目,0038,浅草一丁目
0038-04,浅草一丁目,0038,浅草一丁目
0039-01,浅草二丁目,0039,浅草二丁目
0039-02,浅草二丁目,0039,浅草二丁目
0040-01,奥浅草,0040,奥浅草
0040-02,奥浅草,0040,奥浅草
0040-03,奥浅草,0040,奥浅草
0040-04,奥浅草,0040,奥浅草
0041-01,浅草四丁目,0041,浅草四丁目
0041-02,浅草四丁目,0041,浅草四丁目
0042-01,浅草五丁目,0042,浅草五丁目
0042-02,浅草五丁目,0042,浅草五丁目
0043-01,浅草六丁目,0043,浅草六丁目
0043-02,浅草六丁目,0043,浅草六丁目
0044-01,浅草七丁目,0044,浅草七丁目
0044-02,浅草七丁目,0044,浅草七丁目
0045-01,麻布台ヒルズ,0045,麻布台ヒルズ
0045-02,麻布台ヒルズ,0045,麻布台ヒルズ
0046-01,飛鳥山,0046,飛鳥山
0046-02,飛鳥山,0046,飛鳥山
0048-01,足立梅田町,0048,足立梅田町
0048-02,足立梅田町,0048,足立梅田町
0049-01,千住一丁目,0049,千住一丁目
0049-02,千住一丁目,0049,千住一丁目
0050-01,足立清掃工場前,0050,足立清掃工場前
0050-02,足立清掃工場前,0050,足立清掃工場前
0051-01,足立区役所前,0051,足立区役所前
0051-02,足立区役所前,0051,足立区役所前
0052-01,足立流通センター,0052,足立流通センター
0052-02,足立流通センター,0052,足立流通センター
0054-01,吾妻橋一丁目,0054,吾妻橋一丁目
0054-02,吾妻橋一丁目,0054,吾妻橋一丁目
0056-01,阿弥陀橋,0056,阿弥陀橋
0056-02,阿弥陀橋,0056,阿弥陀橋
0064-01,荒川区役所前,0064,荒川区役所前
0064-02,荒川区役所前,0064,荒川区役所前
0065-01,原中学校入口,0065,原中学校入口
0065-02,原中学校入口,0065,原中学校入口
0066-01,荒川土手操車所前,0066,荒川土手操車所前
0066-02,荒川土手操車所前,0066,荒川土手操車所前
0066-03,荒川土手操車所前,0066,荒川土手操車所前
0067-01,荒川一丁目,0067,荒川一丁目
0067-02,荒川一丁目,0067,荒川一丁目
0068-01,荒川三丁目,0068,荒川三丁目
0068-02,荒川三丁目,0068,荒川三丁目
0069-01,荒川四丁目,0069,荒川四丁目
0069-02,荒川四丁目,0069,荒川四丁目
0069-03,荒川四丁目,0069,荒川四丁目
0069-04,荒川四丁目,0069,荒川四丁目
0069-05,荒川四丁目,0069,荒川四丁目
0070-01,荒川五丁目,0070,荒川五丁目
0070-02,荒川五丁目,0070,荒川五丁目
0071-01,荒木町,0071,荒木町
0071-02,荒木町,0071,荒木町
0072-01,荒田,0072,荒田
0072-02,荒田,0072,荒田
0074-01,有明テニスの森,0074,有明テニスの森
0074-02,有明テニスの森,0074,有明テニスの森
0075-01,有明小中学校前,0075,有明小中学校前
0075-02,有明小中学校前,0075,有明小中学校前
0075-03,有明小中学校前,0075,有明小中学校前
0075-04,有明小中学校前,0075,有明小中学校前
0077-01,有明二丁目,0077,有明二丁目
0077-02,有明二丁目,0077,有明二丁目
0078-05,飯田橋駅前,0078,飯田橋駅前
0078-06,飯田橋駅前,0078,飯田橋駅前
0079-01,飯田橋,0079,飯田橋
0079-02,飯田橋,0079,飯田橋
0079-03,飯田橋,0079,飯田橋
0079-04,飯田橋,0079,飯田橋
0080-07,都営飯田橋駅前,0080,都営飯田橋駅前
0081-01,飯田橋一丁目,0081,飯田橋一丁目
0081-02,飯田橋一丁目,0081,飯田橋一丁目
0082-01,東大医科研病院西門,0082,東大医科研病院西門
0082-02,東大医科研病院西門,0082,東大医科研病院西門
0083-01,雷,0083,雷
0083-02,雷,0083,雷
0084-01,雷不動前,0084,雷不動前
0084-02,雷不動前,0084,雷不動前
0086-01,池之端二丁目,0086,池之端二丁目
0086-02,池之端二丁目,0086,池之端二丁目
0087-01,池袋駅東口,0087,池袋駅東口
0087-02,池袋駅東口,0087,池袋駅東口
0087-03,池袋駅東口,0087,池袋駅東口
0087-04,池袋駅東口,0087,池袋駅東口
0087-05,池袋駅東口,0087,池袋駅東口
0087-06,池袋駅東口,0087,池袋駅東口
0087-07,池袋駅東口,0087,池袋駅東口
0087-11,池袋駅東口,0087,池袋駅東口
0087-12,池袋駅東口,0087,池袋駅東口
0087-13,池袋駅東口,0087,池袋駅東口
0087-14,池袋駅東口,0087,池袋駅東口
0087-15,池袋駅東口,0087,池袋駅東口
0087-16,池袋駅東口,0087,池袋駅東口
0089-01,東池袋二丁目,0089,東池袋二丁目
0089-02,東池袋二丁目,0089,東池袋二丁目
0091-01,石切橋,0091,石切橋
0091-02,石切橋,0091,石切橋
0092-01,石島,0092,石島
0092-02,石島,0092,石島
0093-01,石畑,0093,石畑
0093-02,石畑,0093,石畑
0094-01,石原一丁目,0094,石原一丁目
0094-02,石原一丁目,0094,石原一丁目
0094-03,石原一丁目,0094,石原一丁目
0094-04,石原一丁目,0094,石原一丁目
0095-01,石原二丁目,0095,石原二丁目
0095-02,石原二丁目,0095,石原二丁目
0096-01,石原三丁目,0096,石原三丁目
0096-02,石原三丁目,0096,石原三丁目
0096-03,石原三丁目,0096,石原三丁目
0096-04,石原三丁目,0096,石原三丁目
0097-01,石原四丁目,0097,石原四丁目
0097-02,石原四丁目,0097,石原四丁目
0098-01,和泉一丁目,0098,和泉一丁目
0098-02,和泉一丁目,0098,和泉一丁目
0099-01,市ヶ谷駅前,0099,市ヶ谷駅前
0099-02,市ヶ谷駅前,0099,市ヶ谷駅前
0099-03,市ヶ谷駅前,0099,市ヶ谷駅前
0099-04,市ヶ谷駅前,0099,市ヶ谷駅前
0100-01,防衛省前,0100,防衛省前
0100-02,防衛省前,0100,防衛省前
0101-01,市谷田町,0101,市谷田町
0101-02,市谷田町,0101,市谷田町
0102-01,市谷仲之町交差点,0102,市谷仲之町交差点
0102-02,市谷仲之町交差点,0102,市谷仲之町交差点
0103-01,市ヶ谷富久町,0103,市ヶ谷富久町
0103-02,市ヶ谷富久町,0103,市ヶ谷富久町
0104-01,一之江五丁目,0104,一之江五丁目
0104-02,一之江五丁目,0104,一之江五丁目
0104-03,一之江五丁目,0104,一之江五丁目
0105-01,一之江高速入口,0105,一之江高速入口
0105-02,一之江高速入口,0105,一之江高速入口
0106-01,一之江橋西詰,0106,一之江橋西詰
0106-02,一之江橋西詰,0106,一之江橋西詰
0107-01,新堀一丁目,0107,新堀一丁目
0107-02,新堀一丁目,0107,新堀一丁目
0108-01,一之江二丁目,0108,一之江二丁目
0108-02,一之江二丁目,0108,一之江二丁目
0109-01,一之江四丁目,0109,一之江四丁目
0109-02,一之江四丁目,0109,一之江四丁目
0110-01,一之江七丁目,0110,一之江七丁目
0110-02,一之江七丁目,0110,一之江七丁目
0111-01,麻布十番駅前,0111,麻布十番駅前
0111-03,麻布十番駅前,0111,麻布十番駅前
0111-04,麻布十番駅前,0111,麻布十番駅前
0114-01,一本松,0114,一本松
0114-02,一本松,0114,一本松
0115-01,稲荷神社前,0115,稲荷神社前(いなりじんじゃまえ（えどがわく）)
0115-02,稲荷神社前,0115,稲荷神社前(いなりじんじゃまえ（えどがわく）)
0116-01,稲荷台,0116,稲荷台
0116-02,稲荷台,0116,稲荷台
0118-01,今井,0118,今井
0118-02,今井,0118,今井
0118-03,今井,0118,今井
0119-01,今戸,0119,今戸
0119-02,今戸,0119,今戸
0120-01,芋窪,0120,芋窪
0120-02,芋窪,0120,芋窪
0121-01,入谷鬼子母神,0121,入谷鬼子母神
0121-02,入谷鬼子母神,0121,入谷鬼子母神
0122-01,入谷二丁目,0122,入谷二丁目
0122-02,入谷二丁目,0122,入谷二丁目
0124-01,岩井堂,0124,岩井堂
0124-02,岩井堂,0124,岩井堂
0125-01,岩蔵温泉,0125,岩蔵温泉
0125-02,岩蔵温泉,0125,岩蔵温泉
0126-01,岩淵町,0126,岩淵町
0126-02,岩淵町,0126,岩淵町
0128-08,岩本町駅前,0128,岩本町駅前
0129-01,岩本町一丁目,0129,岩本町一丁目
0131-01,上野駅前,0131,上野駅前
0131-02,上野駅前,0131,上野駅前
0131-03,上野駅前,0131,上野駅前
0131-05,上野駅前,0131,上野駅前
0132-08,上野公園,0132,上野公園
0132-09,上野公園,0132,上野公園
0132-10,上野公園,0132,上野公園
0132-11,上野公園,0132,上野公園
0133-06,上野公園山下,0133,上野公園山下
0133-07,上野公園山下,0133,上野公園山下
0133-08,上野公園山下,0133,上野公園山下
0133-09,上野公園山下,0133,上野公園山下
0134-01,上野桜木,0134,上野桜木
0134-02,上野桜木,0134,上野桜木
0135-05,上野広小路,0135,上野広小路
0135-08,上野広小路,0135,上野広小路
0135-09,上野広小路,0135,上野広小路
0136-01,宇喜田,0136,宇喜田
0136-02,宇喜田,0136,宇喜田
0136-03,宇喜田,0136,宇喜田
0136-04,宇喜田,0136,宇喜田
0137-01,鶯谷駅前,0137,鶯谷駅前
0137-02,鶯谷駅前,0137,鶯谷駅前
0138-01,牛込北町,0138,牛込北町
0138-02,牛込北町,0138,牛込北町
0139-01,牛込弁天町,0139,牛込弁天町
0139-02,牛込弁天町,0139,牛込弁天町
0140-01,牛込保健センター前,0140,牛込保健センター前
0140-02,牛込保健センター前,0140,牛込保健センター前
0141-01,牛込柳町駅前,0141,牛込柳町駅前
0141-02,牛込柳町駅前,0141,牛込柳町駅前
0141-03,牛込柳町駅前,0141,牛込柳町駅前
0141-04,牛込柳町駅前,0141,牛込柳町駅前
0142-01,宇田川町,0142,宇田川町
0143-01,内神田一丁目,0143,内神田一丁目
0144-02,内幸町,0144,内幸町
0144-03,内幸町,0144,内幸町
0146-01,姥ヶ橋,0146,姥ヶ橋
0146-02,姥ヶ橋,0146,姥ヶ橋
0147-01,蔵前駅前,0147,蔵前駅前
0147-02,蔵前駅前,0147,蔵前駅前
0147-03,蔵前駅前,0147,蔵前駅前
0147-04,蔵前駅前,0147,蔵前駅前
0148-01,梅ヶ平,0148,梅ヶ平
0148-02,梅ヶ平,0148,梅ヶ平
0149-01,梅島駅前,0149,梅島駅前
0149-02,梅島駅前,0149,梅島駅前
0150-01,エル・ソフィア前,0150,エル・ソフィア前
0150-02,エル・ソフィア前,0150,エル・ソフィア前
0151-01,梅島第二小学校通り,0151,梅島第二小学校通り
0151-02,梅島第二小学校通り,0151,梅島第二小学校通り
0152-01,梅島二丁目,0152,梅島二丁目
0152-02,梅島二丁目,0152,梅島二丁目
0153-01,梅島三丁目,0153,梅島三丁目
0153-02,梅島三丁目,0153,梅島三丁目
0154-01,梅田小学校前,0154,梅田小学校前
0154-02,梅田小学校前,0154,梅田小学校前
0155-01,梅田町神明通り,0155,梅田町神明通り
0155-02,梅田町神明通り,0155,梅田町神明通り
0156-01,梅田七丁目,0156,梅田七丁目
0156-02,梅田七丁目,0156,梅田七丁目
0157-01,浦安橋,0157,浦安橋
0157-02,浦安橋,0157,浦安橋
0159-01,永代橋,0159,永代橋
0159-02,永代橋,0159,永代橋
0160-01,永代二丁目,0160,永代二丁目
0160-02,永代二丁目,0160,永代二丁目
0161-01,練馬総合病院入口,0161,練馬総合病院入口
0161-02,練馬総合病院入口,0161,練馬総合病院入口
0162-01,江古田二又,0162,江古田二又
0162-02,江古田二又,0162,江古田二又
0163-01,江古田一丁目,0163,江古田一丁目
0163-02,江古田一丁目,0163,江古田一丁目
0164-01,江古田二丁目,0164,江古田二丁目
0164-02,江古田二丁目,0164,江古田二丁目
0165-01,江古田三丁目,0165,江古田三丁目
0165-02,江古田三丁目,0165,江古田三丁目
0166-01,枝川,0166,枝川
0166-02,枝川,0166,枝川
0166-03,枝川,0166,枝川
0167-01,枝川一丁目,0167,枝川一丁目
0167-02,枝川一丁目,0167,枝川一丁目
0168-01,枝川二丁目,0168,枝川二丁目
0168-02,枝川二丁目,0168,枝川二丁目
0168-03,枝川二丁目,0168,枝川二丁目
0168-04,枝川二丁目,0168,枝川二丁目
0170-01,越中島,0170,越中島
0170-02,越中島,0170,越中島
0170-03,越中島,0170,越中島
0171-01,江戸川区役所前,0171,江戸川区役所前
0171-02,江戸川区役所前,0171,江戸川区役所前
0172-01,江戸川高校前,0172,江戸川高校前
0172-02,江戸川高校前,0172,江戸川高校前
0174-01,ＮＴＴ江戸川支店前,0174,ＮＴＴ江戸川支店前
0174-02,ＮＴＴ江戸川支店前,0174,ＮＴＴ江戸川支店前
0175-01,江戸川文化センター前,0175,江戸川文化センター前
0175-02,江戸川文化センター前,0175,江戸川文化センター前
0176-01,江戸川橋,0176,江戸川橋
0176-02,江戸川橋,0176,江戸川橋
0176-03,江戸川橋,0176,江戸川橋
0176-04,江戸川橋,0176,江戸川橋
0177-01,江戸川五丁目,0177,江戸川五丁目
0177-02,江戸川五丁目,0177,江戸川五丁目
0178-01,古川親水公園,0178,古川親水公園
0178-02,古川親水公園,0178,古川親水公園
0178-03,古川親水公園,0178,古川親水公園
0178-04,古川親水公園,0178,古川親水公園
0179-01,江原町中野通り,0179,江原町中野通り
0180-01,江原町一丁目,0180,江原町一丁目
0181-05,新江古田駅前,0181,新江古田駅前
0182-01,蜆沢,0182,蜆沢
0182-02,蜆沢,0182,蜆沢
0183-01,恵比寿駅前,0183,恵比寿駅前
0183-05,恵比寿駅前,0183,恵比寿駅前
0183-06,恵比寿駅前,0183,恵比寿駅前
0185-11,恵比寿一丁目,0185,恵比寿一丁目
0185-12,恵比寿一丁目,0185,恵比寿一丁目
0186-01,恵比寿二丁目,0186,恵比寿二丁目
0186-02,恵比寿二丁目,0186,恵比寿二丁目
0187-01,恵比寿三丁目,0187,恵比寿三丁目
0187-02,恵比寿三丁目,0187,恵比寿三丁目
0187-03,恵比寿三丁目,0187,恵比寿三丁目
0187-04,恵比寿三丁目,0187,恵比寿三丁目
0188-01,恵比寿四丁目,0188,恵比寿四丁目
0188-02,恵比寿四丁目,0188,恵比寿四丁目
0191-01,扇橋一丁目,0191,扇橋一丁目
0191-02,扇橋一丁目,0191,扇橋一丁目
0191-03,扇橋一丁目,0191,扇橋一丁目
0191-04,扇橋一丁目,0191,扇橋一丁目
0192-01,扇橋二丁目,0192,扇橋二丁目
0192-02,扇橋二丁目,0192,扇橋二丁目
0192-03,扇橋二丁目,0192,扇橋二丁目
0192-04,扇橋二丁目,0192,扇橋二丁目
0193-01,扇橋三丁目,0193,扇橋三丁目
0193-02,扇橋三丁目,0193,扇橋三丁目
0194-01,扇二丁目,0194,扇二丁目
0194-02,扇二丁目,0194,扇二丁目
0195-01,扇三丁目,0195,扇三丁目
0195-02,扇三丁目,0195,扇三丁目
0196-01,王子駅前,0196,王子駅前
0196-02,王子駅前,0196,王子駅前
0196-03,王子駅前,0196,王子駅前
0196-04,王子駅前,0196,王子駅前
0196-05,王子駅前,0196,王子駅前
0196-06,王子駅前,0196,王子駅前
0196-09,王子駅前,0196,王子駅前
0196-10,王子駅前,0196,王子駅前
0196-11,王子駅前,0196,王子駅前
0196-12,王子駅前,0196,王子駅前
0196-13,王子駅前,0196,王子駅前
0196-14,王子駅前,0196,王子駅前
0196-16,王子駅前,0196,王子駅前
0197-01,王子第三小学校前,0197,王子第三小学校前
0197-02,王子第三小学校前,0197,王子第三小学校前
0198-01,王子二丁目,0198,王子二丁目
0198-02,王子二丁目,0198,王子二丁目
0199-01,王子三丁目,0199,王子三丁目
0199-02,王子三丁目,0199,王子三丁目
0199-11,王子三丁目,0199,王子三丁目
0200-01,王子四丁目,0200,王子四丁目
0200-02,王子四丁目,0200,王子四丁目
0201-01,王子五丁目,0201,王子五丁目
0201-02,王子五丁目,0201,王子五丁目
0202-01,青梅駅前,0202,青梅駅前
0202-02,青梅駅前,0202,青梅駅前
0203-01,青梅街道駅前,0203,青梅街道駅前
0203-02,青梅街道駅前,0203,青梅街道駅前
0204-01,青梅警察署前,0204,青梅警察署前
0204-02,青梅警察署前,0204,青梅警察署前
0205-01,青梅市役所前,0205,青梅市役所前
0205-02,青梅市役所前,0205,青梅市役所前
0205-03,青梅市役所前,0205,青梅市役所前
0205-04,青梅市役所前,0205,青梅市役所前
0206-01,青梅車庫,0206,青梅車庫
0206-02,青梅車庫,0206,青梅車庫
0206-03,青梅車庫,0206,青梅車庫
0207-01,大指,0207,大指
0207-02,大指,0207,大指
0208-01,北小曽木,0208,北小曽木
0209-01,青梅第七小学校前,0209,青梅第七小学校前
0209-02,青梅第七小学校前,0209,青梅第七小学校前
0210-01,青梅第七中学校前,0210,青梅第七中学校前
0210-02,青梅第七中学校前,0210,青梅第七中学校前
0211-01,成木小学校前,0211,成木小学校前
0211-02,成木小学校前,0211,成木小学校前
0212-01,青梅第四小学校前,0212,青梅第四小学校前
0212-02,青梅第四小学校前,0212,青梅第四小学校前
0213-01,師岡町三丁目,0213,師岡町三丁目
0213-02,師岡町三丁目,0213,師岡町三丁目
0214-01,若潮橋,0214,若潮橋
0214-02,若潮橋,0214,若潮橋
0216-01,大井競馬場前,0216,大井競馬場前
0217-01,大井水産物埠頭入口,0217,大井水産物埠頭入口
0217-02,大井水産物埠頭入口,0217,大井水産物埠頭入口
0218-01,大井水産物埠頭前,0218,大井水産物埠頭前
0218-02,大井水産物埠頭前,0218,大井水産物埠頭前
0220-01,品川清掃工場前,0220,品川清掃工場前
0220-02,品川清掃工場前,0220,品川清掃工場前
0223-01,大井町駅東口,0223,大井町駅東口
0223-02,大井町駅東口,0223,大井町駅東口
0223-04,大井町駅東口,0223,大井町駅東口
0223-05,大井町駅東口,0223,大井町駅東口
0225-01,大久保駅前,0225,大久保駅前
0225-02,大久保駅前,0225,大久保駅前
0226-01,大久保通り,0226,大久保通り
0226-02,大久保通り,0226,大久保通り
0226-03,大久保通り,0226,大久保通り
0226-04,大久保通り,0226,大久保通り
0227-01,東新宿駅前,0227,東新宿駅前
0227-02,東新宿駅前,0227,東新宿駅前
0227-03,東新宿駅前,0227,東新宿駅前
0227-04,東新宿駅前,0227,東新宿駅前
0228-01,大久保二丁目,0228,大久保二丁目
0228-02,大久保二丁目,0228,大久保二丁目
0229-01,成木三丁目,0229,成木三丁目
0229-02,成木三丁目,0229,成木三丁目
0231-01,大下,0231,大下
0231-02,大下,0231,大下
0233-01,大島駅前,0233,大島駅前
0233-02,大島駅前,0233,大島駅前
0233-03,大島駅前,0233,大島駅前
0233-04,大島駅前,0233,大島駅前
0234-01,大島一丁目,0234,大島一丁目
0234-02,大島一丁目,0234,大島一丁目
0235-01,大島二丁目,0235,大島二丁目
0235-02,大島二丁目,0235,大島二丁目
0236-02,大島三丁目,0236,大島三丁目
0236-03,大島三丁目,0236,大島三丁目
0237-01,大島五丁目,0237,大島五丁目
0237-02,大島五丁目,0237,大島五丁目
0238-03,東大島駅入口,0238,東大島駅入口
0238-04,東大島駅入口,0238,東大島駅入口
0239-01,大杉小学校前,0239,大杉小学校前
0239-02,大杉小学校前,0239,大杉小学校前
0240-03,大関横丁,0240,大関横丁
0240-04,大関横丁,0240,大関横丁
0240-05,大関横丁,0240,大関横丁
0241-01,大塚駅前,0241,大塚駅前
0241-02,大塚駅前,0241,大塚駅前
0241-03,大塚駅前,0241,大塚駅前
0241-04,大塚駅前,0241,大塚駅前
0242-01,窪町小学校,0242,窪町小学校
0242-02,窪町小学校,0242,窪町小学校
0243-01,大塚二丁目,0243,大塚二丁目
0243-02,大塚二丁目,0243,大塚二丁目
0244-01,大塚三丁目,0244,大塚三丁目
0244-02,大塚三丁目,0244,大塚三丁目
0244-03,大塚三丁目,0244,大塚三丁目
0244-04,大塚三丁目,0244,大塚三丁目
0245-01,大手町,0245,大手町
0245-02,大手町,0245,大手町
0248-01,大橋,0248,大橋
0248-02,大橋,0248,大橋
0250-01,大原町,0250,大原町
0250-02,大原町,0250,大原町
0251-01,大曲,0251,大曲
0251-02,大曲,0251,大曲
0251-03,大曲,0251,大曲
0251-04,大曲,0251,大曲
0255-01,大柳,0255,大柳
0255-02,大柳,0255,大柳
0260-02,御徒町駅前,0260,御徒町駅前
0260-03,御徒町駅前,0260,御徒町駅前
0261-01,小川一番,0261,小川一番
0261-02,小川一番,0261,小川一番
0262-01,小川三差路,0262,小川三差路
0262-02,小川三差路,0262,小川三差路
0263-01,小川町一丁目,0263,小川町一丁目
0263-02,小川町一丁目,0263,小川町一丁目
0264-01,小川町二丁目,0264,小川町二丁目
0264-02,小川町二丁目,0264,小川町二丁目
0270-01,奥多摩橋,0270,奥多摩橋
0270-02,奥多摩橋,0270,奥多摩橋
0271-01,尾久駅前,0271,尾久駅前
0271-02,尾久駅前,0271,尾久駅前
0272-01,西尾久一丁目,0272,西尾久一丁目
0272-02,西尾久一丁目,0272,西尾久一丁目
0273-01,都立大荒川キャンパス前,0273,都立大荒川キャンパス前
0273-02,都立大荒川キャンパス前,0273,都立大荒川キャンパス前
0274-03,尾久橋,0274,尾久橋
0274-04,尾久橋,0274,尾久橋
0275-01,尾久本町通り,0275,尾久本町通り
0275-02,尾久本町通り,0275,尾久本町通り
0276-03,押上,0276,押上
0276-04,押上,0276,押上
0276-05,押上,0276,押上
0276-06,押上,0276,押上
0277-01,押上駅前,0277,押上駅前
0277-02,押上駅前,0277,押上駅前
0278-01,押上一丁目,0278,押上一丁目
0278-02,押上一丁目,0278,押上一丁目
0279-01,押上三丁目,0279,押上三丁目
0279-02,押上三丁目,0279,押上三丁目
0280-01,小曽木診療所前,0280,小曽木診療所前
0280-02,小曽木診療所前,0280,小曽木診療所前
0281-01,ＪＡ小曽木支店前,0281,ＪＡ小曽木支店前
0281-02,ＪＡ小曽木支店前,0281,ＪＡ小曽木支店前
0282-01,小滝橋,0282,小滝橋
0282-02,小滝橋,0282,小滝橋
0283-01,小台,0283,小台
0283-02,小台,0283,小台
0285-01,小台土手上,0285,小台土手上
0285-02,小台土手上,0285,小台土手上
0286-01,小台橋,0286,小台橋
0286-02,小台橋,0286,小台橋
0287-01,小台東,0287,小台東
0287-02,小台東,0287,小台東
0288-01,小台町,0288,小台町
0288-02,小台町,0288,小台町
0291-01,御茶ノ水駅前,0291,御茶ノ水駅前
0291-03,御茶ノ水駅前,0291,御茶ノ水駅前
0291-04,御茶ノ水駅前,0291,御茶ノ水駅前
0291-05,御茶ノ水駅前,0291,御茶ノ水駅前
0291-06,御茶ノ水駅前,0291,御茶ノ水駅前
0292-01,音羽一丁目,0292,音羽一丁目
0292-02,音羽一丁目,0292,音羽一丁目
0293-01,音羽二丁目,0293,音羽二丁目
0293-02,音羽二丁目,0293,音羽二丁目
0294-01,御成門,0294,御成門
0294-02,御成門,0294,御成門
0295-01,御成門小学校前,0295,御成門小学校前
0296-01,小枕,0296,小枕
0296-02,小枕,0296,小枕
0297-03,表参道,0297,表参道
0297-04,表参道,0297,表参道
0299-01,海岸一丁目,0299,海岸一丁目
0299-02,海岸一丁目,0299,海岸一丁目
0300-01,日の出桟橋入口,0300,日の出桟橋入口
0300-02,日の出桟橋入口,0300,日の出桟橋入口
0301-01,海岸三丁目,0301,海岸三丁目
0301-02,海岸三丁目,0301,海岸三丁目
0302-01,東京国際クルーズターミナル駅前,0302,東京国際クルーズターミナル駅前
0302-02,東京国際クルーズターミナル駅前,0302,東京国際クルーズターミナル駅前
0302-03,東京国際クルーズターミナル駅前,0302,東京国際クルーズターミナル駅前
0303-01,蛎殻町,0303,蛎殻町
0303-02,蛎殻町,0303,蛎殻町
0305-01,牛込神楽坂駅前,0305,牛込神楽坂駅前
0305-02,牛込神楽坂駅前,0305,牛込神楽坂駅前
0306-01,葛西駅通り,0306,葛西駅通り
0306-02,葛西駅通り,0306,葛西駅通り
0307-03,葛西駅前,0307,葛西駅前
0307-04,葛西駅前,0307,葛西駅前
0307-05,葛西駅前,0307,葛西駅前
0307-06,葛西駅前,0307,葛西駅前
0307-07,葛西駅前,0307,葛西駅前
0307-08,葛西駅前,0307,葛西駅前
0307-09,葛西駅前,0307,葛西駅前
0307-10,葛西駅前,0307,葛西駅前
0307-11,葛西駅前,0307,葛西駅前
0307-12,葛西駅前,0307,葛西駅前
0307-13,葛西駅前,0307,葛西駅前
0307-15,葛西駅前,0307,葛西駅前
0308-01,葛西区民館前,0308,葛西区民館前
0308-02,葛西区民館前,0308,葛西区民館前
0309-03,葛西工科高校前,0309,葛西工科高校前
0309-04,葛西工科高校前,0309,葛西工科高校前
0310-01,江戸川車庫前,0310,江戸川車庫前
0310-02,江戸川車庫前,0310,江戸川車庫前
0310-03,江戸川車庫前,0310,江戸川車庫前
0310-04,江戸川車庫前,0310,江戸川車庫前
0312-01,葛西中学校前,0312,葛西中学校前
0312-02,葛西中学校前,0312,葛西中学校前
0313-01,葛西橋,0313,葛西橋
0313-02,葛西橋,0313,葛西橋
0314-01,葛西橋東詰,0314,葛西橋東詰
0314-02,葛西橋東詰,0314,葛西橋東詰
0315-01,新川橋,0315,新川橋
0315-02,新川橋,0315,新川橋
0316-01,葛西南高校前,0316,葛西南高校前
0316-02,葛西南高校前,0316,葛西南高校前
0318-01,春日一丁目,0318,春日一丁目
0319-01,春日二丁目,0319,春日二丁目
0319-02,春日二丁目,0319,春日二丁目
0320-01,霞が関,0320,霞が関
0320-02,霞が関,0320,霞が関
0321-01,霞台第二住宅,0321,霞台第二住宅
0321-02,霞台第二住宅,0321,霞台第二住宅
0322-01,霞町新町,0322,霞町新町
0322-02,霞町新町,0322,霞町新町
0323-01,ＪＡ西東京前,0323,ＪＡ西東京前
0323-02,ＪＡ西東京前,0323,ＪＡ西東京前
0324-01,霞橋,0324,霞橋
0324-02,霞橋,0324,霞橋
0325-01,勝どき橋南詰,0325,勝どき橋南詰
0325-02,勝どき橋南詰,0325,勝どき橋南詰
0326-01,勝どき駅前,0326,勝どき駅前
0326-02,勝どき駅前,0326,勝どき駅前
0326-03,勝どき駅前,0326,勝どき駅前
0326-05,勝どき駅前,0326,勝どき駅前
0326-06,勝どき駅前,0326,勝どき駅前
0327-01,勝どき三丁目,0327,勝どき三丁目
0327-02,勝どき三丁目,0327,勝どき三丁目
0329-01,勝島一丁目,0329,勝島一丁目
0329-02,勝島一丁目,0329,勝島一丁目
0330-03,合羽坂下,0330,合羽坂下
0330-04,合羽坂下,0330,合羽坂下
0330-05,合羽坂下,0330,合羽坂下
0330-06,合羽坂下,0330,合羽坂下
0331-03,金杉橋,0331,金杉橋
0331-04,金杉橋,0331,金杉橋
0332-01,金町駅前,0332,金町駅前
0333-01,金町二丁目,0333,金町二丁目
0333-02,金町二丁目,0333,金町二丁目
0334-01,歌舞伎町,0334,歌舞伎町
0334-02,歌舞伎町,0334,歌舞伎町
0334-03,歌舞伎町,0334,歌舞伎町
0335-01,兜町,0335,兜町
0335-02,兜町,0335,兜町
0337-01,河辺駅入口,0337,河辺駅入口
0337-02,河辺駅入口,0337,河辺駅入口
0337-03,河辺駅入口,0337,河辺駅入口
0337-04,河辺駅入口,0337,河辺駅入口
0338-01,河辺駅北口,0338,河辺駅北口
0341-01,釜寺,0341,釜寺
0341-02,釜寺,0341,釜寺
0342-01,上池袋一丁目,0342,上池袋一丁目
0342-02,上池袋一丁目,0342,上池袋一丁目
0343-01,上池袋三丁目,0343,上池袋三丁目
0343-02,上池袋三丁目,0343,上池袋三丁目
0346-01,上大崎,0346,上大崎
0350-01,上郷,0350,上郷
0350-02,上郷,0350,上郷
0351-01,上十条五丁目,0351,上十条五丁目
0351-02,上十条五丁目,0351,上十条五丁目
0352-01,上田端,0352,上田端
0352-02,上田端,0352,上田端
0353-01,上町,0353,上町
0353-02,上町,0353,上町
0354-01,上成木,0354,上成木
0355-01,上沼田団地,0355,上沼田団地
0355-02,上沼田団地,0355,上沼田団地
0356-01,上根岸,0356,上根岸
0356-02,上根岸,0356,上根岸
0357-01,上の根橋,0357,上の根橋
0357-02,上の根橋,0357,上の根橋
0358-01,上畑,0358,上畑
0358-02,上畑,0358,上畑
0359-01,上富士前,0359,上富士前
0359-02,上富士前,0359,上富士前
0359-03,上富士前,0359,上富士前
0359-04,上富士前,0359,上富士前
0360-01,神谷町駅前,0360,神谷町駅前
0360-02,神谷町駅前,0360,神谷町駅前
0360-03,神谷町駅前,0360,神谷町駅前
0361-01,神谷一丁目,0361,神谷一丁目
0361-02,神谷一丁目,0361,神谷一丁目
0363-01,神山,0363,神山
0365-01,亀有警察署前,0365,亀有警察署前
0365-02,亀有警察署前,0365,亀有警察署前
0366-01,亀有新道入口,0366,亀有新道入口
0366-02,亀有新道入口,0366,亀有新道入口
0368-10,亀戸駅通り,0368,亀戸駅通り
0368-11,亀戸駅通り,0368,亀戸駅通り
0368-12,亀戸駅通り,0368,亀戸駅通り
0368-13,亀戸駅通り,0368,亀戸駅通り
0368-14,亀戸駅通り,0368,亀戸駅通り
0369-01,亀戸駅前,0369,亀戸駅前
0369-02,亀戸駅前,0369,亀戸駅前
0369-03,亀戸駅前,0369,亀戸駅前
0369-04,亀戸駅前,0369,亀戸駅前
0369-05,亀戸駅前,0369,亀戸駅前
0369-06,亀戸駅前,0369,亀戸駅前
0369-07,亀戸駅前,0369,亀戸駅前
0369-08,亀戸駅前,0369,亀戸駅前
0369-14,亀戸駅前,0369,亀戸駅前
0369-15,亀戸駅前,0369,亀戸駅前
0369-16,亀戸駅前,0369,亀戸駅前
0370-01,亀戸天神前,0370,亀戸天神前
0370-02,亀戸天神前,0370,亀戸天神前
0371-01,亀戸四丁目,0371,亀戸四丁目
0371-02,亀戸四丁目,0371,亀戸四丁目
0371-03,亀戸四丁目,0371,亀戸四丁目
0371-04,亀戸四丁目,0371,亀戸四丁目
0372-01,亀戸六丁目,0372,亀戸六丁目
0372-02,亀戸六丁目,0372,亀戸六丁目
0373-01,亀戸七丁目,0373,亀戸七丁目
0373-02,亀戸七丁目,0373,亀戸七丁目
0374-01,亀戸九丁目,0374,亀戸九丁目
0374-02,亀戸九丁目,0374,亀戸九丁目
0375-01,亀沢四丁目,0375,亀沢四丁目
0375-02,亀沢四丁目,0375,亀沢四丁目
0376-01,亀島橋,0376,亀島橋
0376-02,亀島橋,0376,亀島橋
0377-01,亀高橋,0377,亀高橋
0377-02,亀高橋,0377,亀高橋
0377-03,亀高橋,0377,亀高橋
0377-04,亀高橋,0377,亀高橋
0378-03,茅場町,0378,茅場町
0378-04,茅場町,0378,茅場町
0378-05,茅場町,0378,茅場町
0378-06,茅場町,0378,茅場町
0379-01,河田町,0379,河田町
0379-02,河田町,0379,河田町
0379-03,河田町,0379,河田町
0379-04,河田町,0379,河田町
0380-01,東三丁目,0380,東三丁目
0380-02,東三丁目,0380,東三丁目
0381-01,神田駅前,0381,神田駅前
0381-02,神田駅前,0381,神田駅前
0382-01,神田錦町,0382,神田錦町
0382-02,神田錦町,0382,神田錦町
0383-01,神田橋,0383,神田橋
0383-02,神田橋,0383,神田橋
0384-01,神田明神前,0384,神田明神前
0385-01,原宿外苑中学校前,0385,原宿外苑中学校前
0385-02,原宿外苑中学校前,0385,原宿外苑中学校前
0387-01,学習院下,0387,学習院下
0387-02,学習院下,0387,学習院下
0388-01,南千住清掃車車庫前,0388,南千住清掃車車庫前
0388-03,南千住清掃車車庫前,0388,南千住清掃車車庫前
0389-05,学校通り,0389,学校通り
0389-06,学校通り,0389,学校通り
0391-01,喜久井町,0391,喜久井町
0391-02,喜久井町,0391,喜久井町
0392-01,菊川駅前,0392,菊川駅前
0392-02,菊川駅前,0392,菊川駅前
0392-04,菊川駅前,0392,菊川駅前
0392-05,菊川駅前,0392,菊川駅前
0393-01,菊川一丁目,0393,菊川一丁目
0393-02,菊川一丁目,0393,菊川一丁目
0394-01,菊川三丁目,0394,菊川三丁目
0394-02,菊川三丁目,0394,菊川三丁目
0395-01,菊坂下,0395,菊坂下
0395-02,菊坂下,0395,菊坂下
0396-01,菊屋橋,0396,菊屋橋
0396-02,菊屋橋,0396,菊屋橋
0397-01,岸,0397,岸
0397-02,岸,0397,岸
0398-01,鬼子母神前,0398,鬼子母神前
0398-02,鬼子母神前,0398,鬼子母神前
0400-01,北青山三丁目,0400,北青山三丁目
0400-02,北青山三丁目,0400,北青山三丁目
0402-01,坂下,0402,坂下
0402-02,坂下,0402,坂下
0403-01,北区神谷町,0403,北区神谷町
0403-02,北区神谷町,0403,北区神谷町
0404-01,北参道,0404,北参道
0404-02,北参道,0404,北参道
0405-01,北里研究所前,0405,北里研究所前
0405-02,北里研究所前,0405,北里研究所前
0407-01,北車庫前,0407,北車庫前
0407-02,北車庫前,0407,北車庫前
0407-03,北車庫前,0407,北車庫前
0409-01,北砂一丁目,0409,北砂一丁目
0409-02,北砂一丁目,0409,北砂一丁目
0410-01,北砂二丁目,0410,北砂二丁目
0410-02,北砂二丁目,0410,北砂二丁目
0411-01,北砂三丁目,0411,北砂三丁目
0411-02,北砂三丁目,0411,北砂三丁目
0412-01,北砂四丁目,0412,北砂四丁目
0412-02,北砂四丁目,0412,北砂四丁目
0413-01,北砂五丁目,0413,北砂五丁目
0413-02,北砂五丁目,0413,北砂五丁目
0414-01,北砂六丁目,0414,北砂六丁目
0414-02,北砂六丁目,0414,北砂六丁目
0414-03,北砂六丁目,0414,北砂六丁目
0414-04,北砂六丁目,0414,北砂六丁目
0415-01,北砂七丁目,0415,北砂七丁目
0415-02,北砂七丁目,0415,北砂七丁目
0416-01,北千住駅前,0416,北千住駅前
0416-03,北千住駅前,0416,北千住駅前
0419-01,塩船観音入口,0419,塩船観音入口
0419-02,塩船観音入口,0419,塩船観音入口
0421-01,北保木間,0421,北保木間
0421-02,北保木間,0421,北保木間
0422-01,吉祥寺前,0422,吉祥寺前
0422-02,吉祥寺前,0422,吉祥寺前
0423-01,東墨田会館前,0423,東墨田会館前
0423-02,東墨田会館前,0423,東墨田会館前
0425-01,木場駅前,0425,木場駅前
0425-02,木場駅前,0425,木場駅前
0425-03,木場駅前,0425,木場駅前
0425-04,木場駅前,0425,木場駅前
0425-05,木場駅前,0425,木場駅前
0426-01,木場二丁目,0426,木場二丁目
0426-02,木場二丁目,0426,木場二丁目
0426-03,木場二丁目,0426,木場二丁目
0427-01,木場三丁目,0427,木場三丁目
0427-02,木場三丁目,0427,木場三丁目
0428-01,木場四丁目,0428,木場四丁目
0428-02,木場四丁目,0428,木場四丁目
0429-01,木場六丁目ギャザリア前,0429,木場六丁目ギャザリア前
0429-02,木場六丁目ギャザリア前,0429,木場六丁目ギャザリア前
0429-03,木場六丁目ギャザリア前,0429,木場六丁目ギャザリア前
0430-01,旧葛西橋,0430,旧葛西橋
0430-02,旧葛西橋,0430,旧葛西橋
0430-03,旧葛西橋,0430,旧葛西橋
0430-04,旧葛西橋,0430,旧葛西橋
0430-05,旧葛西橋,0430,旧葛西橋
0431-01,久道,0431,久道
0431-02,久道,0431,久道
0432-01,旧道交差点,0432,旧道交差点
0432-02,旧道交差点,0432,旧道交差点
0432-03,旧道交差点,0432,旧道交差点
0432-04,旧道交差点,0432,旧道交差点
0433-01,郷土博物館入口,0433,郷土博物館入口
0433-02,郷土博物館入口,0433,郷土博物館入口
0435-01,清川,0435,清川
0435-02,清川,0435,清川
0436-01,清川二丁目,0436,清川二丁目
0436-02,清川二丁目,0436,清川二丁目
0436-03,清川二丁目,0436,清川二丁目
0436-04,清川二丁目,0436,清川二丁目
0437-01,清洲橋,0437,清洲橋
0437-02,清洲橋,0437,清洲橋
0438-01,清澄庭園前,0438,清澄庭園前
0438-02,清澄庭園前,0438,清澄庭園前
0439-01,清澄一丁目,0439,清澄一丁目
0439-02,清澄一丁目,0439,清澄一丁目
0440-01,清澄白河駅前,0440,清澄白河駅前
0440-02,清澄白河駅前,0440,清澄白河駅前
0440-03,清澄白河駅前,0440,清澄白河駅前
0440-04,清澄白河駅前,0440,清澄白河駅前
0441-01,錦糸公園前,0441,錦糸公園前
0441-02,錦糸公園前,0441,錦糸公園前
0442-01,錦糸町駅前,0442,錦糸町駅前
0442-02,錦糸町駅前,0442,錦糸町駅前
0442-03,錦糸町駅前,0442,錦糸町駅前
0442-04,錦糸町駅前,0442,錦糸町駅前
0442-05,錦糸町駅前,0442,錦糸町駅前
0442-06,錦糸町駅前,0442,錦糸町駅前
0442-07,錦糸町駅前,0442,錦糸町駅前
0442-08,錦糸町駅前,0442,錦糸町駅前
0442-10,錦糸町駅前,0442,錦糸町駅前
0442-11,錦糸町駅前,0442,錦糸町駅前
0442-12,錦糸町駅前,0442,錦糸町駅前
0442-13,錦糸町駅前,0442,錦糸町駅前
0442-14,錦糸町駅前,0442,錦糸町駅前
0442-15,錦糸町駅前,0442,錦糸町駅前
0443-01,錦糸堀,0443,錦糸堀
0444-04,魚籃坂下,0444,魚籃坂下
0444-05,魚籃坂下,0444,魚籃坂下
0444-06,魚籃坂下,0444,魚籃坂下
0444-07,魚籃坂下,0444,魚籃坂下
0445-03,銀座西六丁目,0445,銀座西六丁目
0445-04,銀座西六丁目,0445,銀座西六丁目
0448-05,銀座四丁目,0448,銀座四丁目
0448-06,銀座四丁目,0448,銀座四丁目
0448-07,銀座四丁目,0448,銀座四丁目
0448-08,銀座四丁目,0448,銀座四丁目
0449-05,銀座六丁目,0449,銀座六丁目
0449-06,銀座六丁目,0449,銀座六丁目
0451-01,九段上,0451,九段上
0451-02,九段上,0451,九段上
0452-01,九段下,0452,九段下
0452-02,九段下,0452,九段下
0452-03,九段下,0452,九段下
0453-01,九段三丁目,0453,九段三丁目
0453-02,九段三丁目,0453,九段三丁目
0454-01,熊野前,0454,熊野前
0454-02,熊野前,0454,熊野前
0455-01,熊野宮前,0455,熊野宮前
0455-02,熊野宮前,0455,熊野宮前
0456-01,東新宿保健センター前,0456,東新宿保健センター前
0456-02,東新宿保健センター前,0456,東新宿保健センター前
0457-01,蔵前一丁目,0457,蔵前一丁目
0457-02,蔵前一丁目,0457,蔵前一丁目
0458-05,蔵前二丁目,0458,蔵前二丁目
0458-06,蔵前二丁目,0458,蔵前二丁目
0459-01,栗原町,0459,栗原町
0459-02,栗原町,0459,栗原町
0460-01,黒沢,0460,黒沢
0460-02,黒沢,0460,黒沢
0461-01,黒沢神社前,0461,黒沢神社前
0461-02,黒沢神社前,0461,黒沢神社前
0462-01,桑川町,0462,桑川町
0462-02,桑川町,0462,桑川町
0463-01,グランド坂下,0463,グランド坂下
0464-03,慶応義塾大前,0464,慶応義塾大前
0464-04,慶応義塾大前,0464,慶応義塾大前
0466-01,警視庁前,0466,警視庁前
0466-02,警視庁前,0466,警視庁前
0467-01,京成中組,0467,京成中組
0467-02,京成中組,0467,京成中組
0468-02,京葉交差点,0468,京葉交差点
0468-03,京葉交差点,0468,京葉交差点
0468-05,京葉交差点,0468,京葉交差点
0468-06,京葉交差点,0468,京葉交差点
0469-01,お台場海浜公園駅前,0469,お台場海浜公園駅前
0469-02,お台場海浜公園駅前,0469,お台場海浜公園駅前
0472-01,小石川二丁目,0472,小石川二丁目
0472-02,小石川二丁目,0472,小石川二丁目
0473-01,小石川三丁目,0473,小石川三丁目
0473-02,小石川三丁目,0473,小石川三丁目
0474-01,小石川四丁目,0474,小石川四丁目
0474-02,小石川四丁目,0474,小石川四丁目
0475-01,小岩駅入口,0475,小岩駅入口
0476-01,小岩駅通り,0476,小岩駅通り
0476-02,小岩駅通り,0476,小岩駅通り
0477-04,小岩駅前,0477,小岩駅前
0477-06,小岩駅前,0477,小岩駅前
0478-01,高円寺駅入口,0478,高円寺駅入口
0478-02,高円寺駅入口,0478,高円寺駅入口
0479-01,高円寺体育館前,0479,高円寺体育館前
0479-02,高円寺体育館前,0479,高円寺体育館前
0480-01,高円寺南一丁目,0480,高円寺南一丁目
0480-02,高円寺南一丁目,0480,高円寺南一丁目
0481-01,高円寺南四丁目,0481,高円寺南四丁目
0481-02,高円寺南四丁目,0481,高円寺南四丁目
0483-01,新木場埠頭公園前,0483,新木場埠頭公園前
0484-01,公園前,0484,公園前
0484-02,公園前,0484,公園前
0484-03,公園前,0484,公園前
0484-04,公園前,0484,公園前
0485-01,光照寺,0485,光照寺
0485-02,光照寺,0485,光照寺
0486-01,庚申塚,0486,庚申塚
0486-02,庚申塚,0486,庚申塚
0487-01,麹町二丁目,0487,麹町二丁目
0487-02,麹町二丁目,0487,麹町二丁目
0488-01,麹町四丁目,0488,麹町四丁目
0488-02,麹町四丁目,0488,麹町四丁目
0488-03,麹町四丁目,0488,麹町四丁目
0488-04,麹町四丁目,0488,麹町四丁目
0489-01,麹町五丁目,0489,麹町五丁目
0489-02,麹町五丁目,0489,麹町五丁目
0490-01,新宿一丁目北,0490,新宿一丁目北
0490-02,新宿一丁目北,0490,新宿一丁目北
0491-01,江東区役所前,0491,江東区役所前
0491-02,江東区役所前,0491,江東区役所前
0492-01,江東公会堂前,0492,江東公会堂前
0492-02,江東公会堂前,0492,江東公会堂前
0493-01,江東車庫前,0493,江東車庫前
0493-02,江東車庫前,0493,江東車庫前
0494-01,江東橋,0494,江東橋
0494-02,江東橋,0494,江東橋
0495-01,江東橋一丁目,0495,江東橋一丁目
0497-01,城東特別支援学校前,0497,城東特別支援学校前
0497-02,城東特別支援学校前,0497,城東特別支援学校前
0498-01,港南大橋,0498,港南大橋
0500-01,港南中学校前,0500,港南中学校前
0500-02,港南中学校前,0500,港南中学校前
0501-01,港南一丁目,0501,港南一丁目
0501-02,港南一丁目,0501,港南一丁目
0502-01,港南三丁目,0502,港南三丁目
0502-02,港南三丁目,0502,港南三丁目
0503-01,港南五丁目,0503,港南五丁目
0504-01,荒川土手,0504,荒川土手
0504-02,荒川土手,0504,荒川土手
0505-01,江北六丁目団地前,0505,江北六丁目団地前
0505-02,江北六丁目団地前,0505,江北六丁目団地前
0506-01,江北陸橋下,0506,江北陸橋下
0506-02,江北陸橋下,0506,江北陸橋下
0506-03,江北陸橋下,0506,江北陸橋下
0506-04,江北陸橋下,0506,江北陸橋下
0507-01,江北一丁目,0507,江北一丁目
0507-02,江北一丁目,0507,江北一丁目
0508-01,江北四丁目,0508,江北四丁目
0508-02,江北四丁目,0508,江北四丁目
0508-04,江北四丁目,0508,江北四丁目
0509-01,江北六丁目団地入口,0509,江北六丁目団地入口
0509-02,江北六丁目団地入口,0509,江北六丁目団地入口
0510-01,光明寺下,0510,光明寺下
0510-02,光明寺下,0510,光明寺下
0512-01,後楽園,0512,後楽園
0512-02,後楽園,0512,後楽園
0513-01,光林寺前,0513,光林寺前
0513-02,光林寺前,0513,光林寺前
0514-01,小右衛門町,0514,小右衛門町
0514-02,小右衛門町,0514,小右衛門町
0515-01,小ヶ井橋,0515,小ヶ井橋
0515-02,小ヶ井橋,0515,小ヶ井橋
0516-01,国学院大学前,0516,国学院大学前
0516-02,国学院大学前,0516,国学院大学前
0518-01,戸山町,0518,戸山町
0518-02,戸山町,0518,戸山町
0519-01,四谷第六小学校入口,0519,四谷第六小学校入口
0519-02,四谷第六小学校入口,0519,四谷第六小学校入口
0520-01,合同住宅前,0520,合同住宅前
0520-02,合同住宅前,0520,合同住宅前
0522-01,小島,0522,小島
0522-02,小島,0522,小島
0523-01,北葛西二丁目,0523,北葛西二丁目
0523-02,北葛西二丁目,0523,北葛西二丁目
0524-01,小竹町二丁目,0524,小竹町二丁目
0524-02,小竹町二丁目,0524,小竹町二丁目
0525-01,小平第一小学校前,0525,小平第一小学校前
0525-02,小平第一小学校前,0525,小平第一小学校前
0526-01,小平駅入口,0526,小平駅入口
0526-02,小平駅入口,0526,小平駅入口
0527-03,小平駅前,0527,小平駅前
0528-01,なかまちテラス,0528,なかまちテラス
0528-02,なかまちテラス,0528,なかまちテラス
0529-01,小平合同庁舎前,0529,小平合同庁舎前
0529-02,小平合同庁舎前,0529,小平合同庁舎前
0530-01,小平仲町,0530,小平仲町
0530-02,小平仲町,0530,小平仲町
0531-01,国会議事堂前,0531,国会議事堂前
0531-02,国会議事堂前,0531,国会議事堂前
0532-01,小伝馬町,0532,小伝馬町
0532-02,小伝馬町,0532,小伝馬町
0532-03,小伝馬町,0532,小伝馬町
0533-01,言問橋,0533,言問橋
0533-02,言問橋,0533,言問橋
0533-03,言問橋,0533,言問橋
0533-04,言問橋,0533,言問橋
0534-01,寿三丁目,0534,寿三丁目
0534-02,寿三丁目,0534,寿三丁目
0536-01,小日向四丁目,0536,小日向四丁目
0536-02,小日向四丁目,0536,小日向四丁目
0537-01,駒形橋,0537,駒形橋
0537-02,駒形橋,0537,駒形橋
0537-03,駒形橋,0537,駒形橋
0538-01,駒木町,0538,駒木町
0538-02,駒木町,0538,駒木町
0539-01,駒木町三丁目,0539,駒木町三丁目
0539-02,駒木町三丁目,0539,駒木町三丁目
0540-01,畑中一丁目,0540,畑中一丁目
0540-02,畑中一丁目,0540,畑中一丁目
0542-01,駒込駅南口,0542,駒込駅南口
0543-01,駒込千駄木町,0543,駒込千駄木町
0543-02,駒込千駄木町,0543,駒込千駄木町
0544-01,千駄木一丁目,0544,千駄木一丁目
0544-02,千駄木一丁目,0544,千駄木一丁目
0545-01,駒込病院前,0545,駒込病院前
0545-02,駒込病院前,0545,駒込病院前
0545-03,駒込病院前,0545,駒込病院前
0546-01,駒込富士前,0546,駒込富士前
0546-02,駒込富士前,0546,駒込富士前
0550-01,小松川区民館前,0550,小松川区民館前
0550-02,小松川区民館前,0550,小松川区民館前
0551-01,小松川警察署前,0551,小松川警察署前
0551-02,小松川警察署前,0551,小松川警察署前
0552-01,小松川三丁目,0552,小松川三丁目
0552-02,小松川三丁目,0552,小松川三丁目
0552-03,小松川三丁目,0552,小松川三丁目
0553-01,小松中学校前,0553,小松中学校前
0553-02,小松中学校前,0553,小松中学校前
0555-01,小茂根,0555,小茂根
0555-02,小茂根,0555,小茂根
0556-01,護国寺正門前,0556,護国寺正門前
0556-02,護国寺正門前,0556,護国寺正門前
0557-01,護国寺前,0557,護国寺前
0557-02,護国寺前,0557,護国寺前
0558-01,五色橋,0558,五色橋
0558-02,五色橋,0558,五色橋
0559-01,五反田駅,0559,五反田駅
0559-05,五反田駅,0559,五反田駅
0559-06,五反田駅,0559,五反田駅
0560-01,東五反田一丁目,0560,東五反田一丁目
0561-01,御殿山,0561,御殿山
0561-02,御殿山,0561,御殿山
0562-01,呉服橋,0562,呉服橋
0562-02,呉服橋,0562,呉服橋
0563-01,権田原,0563,権田原
0563-02,権田原,0563,権田原
0565-01,境川,0565,境川
0565-02,境川,0565,境川
0565-03,境川,0565,境川
0565-04,境川,0565,境川
0566-01,坂久橋,0566,坂久橋
0566-02,坂久橋,0566,坂久橋
0567-01,佐賀一丁目,0567,佐賀一丁目
0567-02,佐賀一丁目,0567,佐賀一丁目
0568-01,桜木土手上,0568,桜木土手上
0568-02,桜木土手上,0568,桜木土手上
0570-01,桜台駅前,0570,桜台駅前
0570-02,桜台駅前,0570,桜台駅前
0570-03,桜台駅前,0570,桜台駅前
0571-01,桜橋,0571,桜橋
0571-02,桜橋,0571,桜橋
0572-01,笹塚駅前,0572,笹塚駅前
0572-02,笹塚駅前,0572,笹塚駅前
0573-01,笹塚二丁目,0573,笹塚二丁目
0573-02,笹塚二丁目,0573,笹塚二丁目
0574-01,左門町,0574,左門町
0574-02,左門町,0574,左門町
0575-01,中央二丁目,0575,中央二丁目
0575-02,中央二丁目,0575,中央二丁目
0576-01,皿沼二丁目,0576,皿沼二丁目
0576-02,皿沼二丁目,0576,皿沼二丁目
0577-01,猿江一丁目,0577,猿江一丁目
0577-02,猿江一丁目,0577,猿江一丁目
0578-01,猿江二丁目,0578,猿江二丁目
0578-02,猿江二丁目,0578,猿江二丁目
0579-01,三角,0579,三角
0579-02,三角,0579,三角
0581-01,三光坂下,0581,三光坂下
0581-02,三光坂下,0581,三光坂下
0587-01,三ノ橋,0587,三ノ橋
0587-02,三ノ橋,0587,三ノ橋
0590-01,南千住汐入,0590,南千住汐入
0590-02,南千住汐入,0590,南千住汐入
0591-02,潮路橋,0591,潮路橋
0591-03,潮路橋,0591,潮路橋
0592-01,塩浜橋,0592,塩浜橋
0592-02,塩浜橋,0592,塩浜橋
0593-01,塩浜一丁目,0593,塩浜一丁目
0593-02,塩浜一丁目,0593,塩浜一丁目
0594-01,塩浜二丁目,0594,塩浜二丁目
0594-02,塩浜二丁目,0594,塩浜二丁目
0594-03,塩浜二丁目,0594,塩浜二丁目
0595-01,潮見一丁目,0595,潮見一丁目
0595-02,潮見一丁目,0595,潮見一丁目
0596-01,鹿浜橋,0596,鹿浜橋
0596-02,鹿浜橋,0596,鹿浜橋
0597-01,鹿浜三丁目,0597,鹿浜三丁目
0597-02,鹿浜三丁目,0597,鹿浜三丁目
0598-01,鹿浜三丁目交差点,0598,鹿浜三丁目交差点
0598-02,鹿浜三丁目交差点,0598,鹿浜三丁目交差点
0599-01,鹿本中学校前,0599,鹿本中学校前
0599-02,鹿本中学校前,0599,鹿本中学校前
0599-03,鹿本中学校前,0599,鹿本中学校前
0599-04,鹿本中学校前,0599,鹿本中学校前
0600-01,下谷警察署前,0600,下谷警察署前
0600-02,下谷警察署前,0600,下谷警察署前
0601-01,下谷神社前,0601,下谷神社前
0601-02,下谷神社前,0601,下谷神社前
0602-03,下谷二丁目,0602,下谷二丁目
0602-04,下谷二丁目,0602,下谷二丁目
0603-01,下谷三丁目,0603,下谷三丁目
0603-02,下谷三丁目,0603,下谷三丁目
0604-01,七軒町,0604,七軒町
0604-02,七軒町,0604,七軒町
0605-01,品川駅港南口,0605,品川駅港南口
0605-03,品川駅港南口,0605,品川駅港南口
0605-05,品川駅港南口,0605,品川駅港南口
0605-06,品川駅港南口,0605,品川駅港南口
0605-07,品川駅港南口,0605,品川駅港南口
0605-08,品川駅港南口,0605,品川駅港南口
0605-09,品川駅港南口,0605,品川駅港南口
0605-11,品川駅港南口,0605,品川駅港南口
0606-01,品川駅高輪口,0606,品川駅高輪口
0606-02,品川駅高輪口,0606,品川駅高輪口
0606-03,品川駅高輪口,0606,品川駅高輪口
0606-04,品川駅高輪口,0606,品川駅高輪口
0606-05,品川駅高輪口,0606,品川駅高輪口
0606-06,品川駅高輪口,0606,品川駅高輪口
0606-07,品川駅高輪口,0606,品川駅高輪口
0607-01,品川火力発電所前,0607,品川火力発電所前
0607-02,品川火力発電所前,0607,品川火力発電所前
0607-03,品川火力発電所前,0607,品川火力発電所前
0608-01,品川車庫前,0608,品川車庫前
0608-02,品川車庫前,0608,品川車庫前
0608-03,品川車庫前,0608,品川車庫前
0608-04,品川車庫前,0608,品川車庫前
0608-05,品川車庫前,0608,品川車庫前
0609-01,品川埠頭,0609,品川埠頭
0610-01,品川埠頭岸壁入口,0610,品川埠頭岸壁入口
0611-01,信濃町駅前,0611,信濃町駅前
0611-02,信濃町駅前,0611,信濃町駅前
0612-03,信濃町駅南口,0612,信濃町駅南口
0612-04,信濃町駅南口,0612,信濃町駅南口
0615-02,篠崎駅前,0615,篠崎駅前
0616-01,篠崎町七丁目,0616,篠崎町七丁目
0616-02,篠崎町七丁目,0616,篠崎町七丁目
0618-01,東雲小学校前,0618,東雲小学校前
0618-02,東雲小学校前,0618,東雲小学校前
0619-01,深川五中前,0619,深川五中前
0619-02,深川五中前,0619,深川五中前
0620-01,東雲都橋,0620,東雲都橋
0620-02,東雲都橋,0620,東雲都橋
0621-01,東雲橋交差点,0621,東雲橋交差点
0621-02,東雲橋交差点,0621,東雲橋交差点
0621-03,東雲橋交差点,0621,東雲橋交差点
0621-04,東雲橋交差点,0621,東雲橋交差点
0622-01,東雲一丁目,0622,東雲一丁目
0622-02,東雲一丁目,0622,東雲一丁目
0623-01,四ノ橋,0623,四ノ橋
0623-02,四ノ橋,0623,四ノ橋
0625-02,芝浦二丁目,0625,芝浦二丁目
0625-03,芝浦二丁目,0625,芝浦二丁目
0627-01,芝浦四丁目,0627,芝浦四丁目
0627-02,芝浦四丁目,0627,芝浦四丁目
0631-01,芝園橋,0631,芝園橋
0631-02,芝園橋,0631,芝園橋
0634-01,渋谷駅西口,0634,渋谷駅西口
0635-01,渋谷駅東口,0635,渋谷駅東口
0635-02,渋谷駅東口,0635,渋谷駅東口
0636-01,渋谷駅前,0636,渋谷駅前
0636-02,渋谷駅前,0636,渋谷駅前
0636-03,渋谷駅前,0636,渋谷駅前
0636-05,渋谷駅前,0636,渋谷駅前
0636-06,渋谷駅前,0636,渋谷駅前
0636-07,渋谷駅前,0636,渋谷駅前
0636-08,渋谷駅前,0636,渋谷駅前
0638-01,渋谷区役所前,0638,渋谷区役所前
0639-01,渋谷車庫前,0639,渋谷車庫前
0639-02,渋谷車庫前,0639,渋谷車庫前
0640-07,渋谷橋,0640,渋谷橋
0640-08,渋谷橋,0640,渋谷橋
0640-09,渋谷橋,0640,渋谷橋
0640-10,渋谷橋,0640,渋谷橋
0641-01,渋谷二丁目,0641,渋谷二丁目
0641-02,渋谷二丁目,0641,渋谷二丁目
0642-01,島根町,0642,島根町
0642-02,島根町,0642,島根町
0643-01,島根三丁目,0643,島根三丁目
0643-02,島根三丁目,0643,島根三丁目
0646-01,下今井,0646,下今井
0646-02,下今井,0646,下今井
0647-01,下落合三丁目,0647,下落合三丁目
0647-02,下落合三丁目,0647,下落合三丁目
0648-01,下落合四丁目,0648,下落合四丁目
0648-02,下落合四丁目,0648,下落合四丁目
0649-01,下小岩小学校前,0649,下小岩小学校前
0649-02,下小岩小学校前,0649,下小岩小学校前
0650-01,下小松橋,0650,下小松橋
0650-02,下小松橋,0650,下小松橋
0651-01,下郷,0651,下郷
0651-02,下郷,0651,下郷
0652-01,下田端,0652,下田端
0652-02,下田端,0652,下田端
0655-01,畑中神社前,0655,畑中神社前
0655-02,畑中神社前,0655,畑中神社前
0656-01,畑中下西,0656,畑中下西
0656-02,畑中下西,0656,畑中下西
0657-01,下根岸,0657,下根岸
0657-02,下根岸,0657,下根岸
0658-01,下畑,0658,下畑
0658-02,下畑,0658,下畑
0660-01,成木一丁目自治会館前,0660,成木一丁目自治会館前
0660-02,成木一丁目自治会館前,0660,成木一丁目自治会館前
0661-01,成木一丁目四ツ角,0661,成木一丁目四ツ角
0661-02,成木一丁目四ツ角,0661,成木一丁目四ツ角
0663-01,志茂一丁目,0663,志茂一丁目
0663-02,志茂一丁目,0663,志茂一丁目
0664-01,志茂二丁目,0664,志茂二丁目
0664-02,志茂二丁目,0664,志茂二丁目
0665-01,社会福祉会館前,0665,社会福祉会館前
0665-02,社会福祉会館前,0665,社会福祉会館前
0667-01,小学校通り,0667,小学校通り
0667-02,小学校通り,0667,小学校通り
0668-01,小川寺前,0668,小川寺前
0668-02,小川寺前,0668,小川寺前
0669-01,汐入公園前,0669,汐入公園前
0669-02,汐入公園前,0669,汐入公園前
0671-01,昭和橋,0671,昭和橋
0671-02,昭和橋,0671,昭和橋
0672-01,昭和病院前,0672,昭和病院前
0672-02,昭和病院前,0672,昭和病院前
0673-01,昭和町三丁目,0673,昭和町三丁目
0673-02,昭和町三丁目,0673,昭和町三丁目
0674-01,食肉市場前,0674,食肉市場前
0674-02,食肉市場前,0674,食肉市場前
0675-01,白河,0675,白河
0675-02,白河,0675,白河
0675-03,白河,0675,白河
0675-04,白河,0675,白河
0676-01,白河二丁目,0676,白河二丁目
0676-02,白河二丁目,0676,白河二丁目
0677-01,白鳥一丁目,0677,白鳥一丁目
0677-02,白鳥一丁目,0677,白鳥一丁目
0678-01,白鳥四丁目,0678,白鳥四丁目
0678-02,白鳥四丁目,0678,白鳥四丁目
0679-01,白鬚橋東,0679,白鬚橋東
0679-02,白鬚橋東,0679,白鬚橋東
0680-01,白金台五丁目,0680,白金台五丁目
0680-02,白金台五丁目,0680,白金台五丁目
0681-01,白金高輪駅前,0681,白金高輪駅前
0681-02,白金高輪駅前,0681,白金高輪駅前
0681-03,白金高輪駅前,0681,白金高輪駅前
0682-01,白金六丁目,0682,白金六丁目
0682-02,白金六丁目,0682,白金六丁目
0683-01,白金小学校前,0683,白金小学校前
0683-02,白金小学校前,0683,白金小学校前
0684-01,新大久保駅前,0684,新大久保駅前
0684-02,新大久保駅前,0684,新大久保駅前
0685-01,新大塚,0685,新大塚
0685-02,新大塚,0685,新大塚
0685-03,新大塚,0685,新大塚
0685-04,新大塚,0685,新大塚
0686-01,新大橋,0686,新大橋
0686-02,新大橋,0686,新大橋
0687-01,新川口,0687,新川口
0687-02,新川口,0687,新川口
0688-01,新川一丁目,0688,新川一丁目
0688-02,新川一丁目,0688,新川一丁目
0689-01,新川二丁目,0689,新川二丁目
0689-02,新川二丁目,0689,新川二丁目
0690-01,新木場駅前（構内）,0690,新木場駅前（構内）
0690-03,新木場駅前（構内）,0690,新木場駅前（構内）
0690-04,新木場駅前（構内）,0690,新木場駅前（構内）
0690-05,新木場駅前（構内）,0690,新木場駅前（構内）
0690-06,新木場駅前（構内）,0690,新木場駅前（構内）
0691-01,新木場駅前（明治通り）,0691,新木場駅前（明治通り）
0695-09,新小岩駅北口,0695,新小岩駅北口
0695-11,新小岩駅北口,0695,新小岩駅北口
0696-01,新小岩駅前,0696,新小岩駅前
0696-02,新小岩駅前,0696,新小岩駅前
0696-03,新小岩駅前,0696,新小岩駅前
0697-01,新小岩一丁目,0697,新小岩一丁目
0697-02,新小岩一丁目,0697,新小岩一丁目
0698-01,新小岩二丁目,0698,新小岩二丁目
0698-02,新小岩二丁目,0698,新小岩二丁目
0699-01,新高円寺,0699,新高円寺
0699-02,新高円寺,0699,新高円寺
0700-01,新庚申塚,0700,新庚申塚
0700-02,新庚申塚,0700,新庚申塚
0701-01,新小平駅前,0701,新小平駅前
0701-02,新小平駅前,0701,新小平駅前
0702-01,新宿駅西口,0702,新宿駅西口
0702-02,新宿駅西口,0702,新宿駅西口
0702-03,新宿駅西口,0702,新宿駅西口
0702-04,新宿駅西口,0702,新宿駅西口
0702-05,新宿駅西口,0702,新宿駅西口
0702-06,新宿駅西口,0702,新宿駅西口
0702-07,新宿駅西口,0702,新宿駅西口
0702-08,新宿駅西口,0702,新宿駅西口
0702-10,新宿駅西口,0702,新宿駅西口
0703-01,新宿駅東口,0703,新宿駅東口
0703-02,新宿駅東口,0703,新宿駅東口
0705-05,新宿伊勢丹前,0705,新宿伊勢丹前
0705-06,新宿伊勢丹前,0705,新宿伊勢丹前
0705-07,新宿伊勢丹前,0705,新宿伊勢丹前
0708-01,東京オペラシティ南,0708,東京オペラシティ南
0708-02,東京オペラシティ南,0708,東京オペラシティ南
0709-01,新宿コズミックセンター前,0709,新宿コズミックセンター前
0709-02,新宿コズミックセンター前,0709,新宿コズミックセンター前
0711-03,新宿一丁目,0711,新宿一丁目(しんじゅくいっちょうめ)
0711-04,新宿一丁目,0711,新宿一丁目(しんじゅくいっちょうめ)
0712-01,新宿二丁目,0712,新宿二丁目
0712-02,新宿二丁目,0712,新宿二丁目
0713-03,新宿三丁目,0713,新宿三丁目
0713-04,新宿三丁目,0713,新宿三丁目
0713-10,新宿三丁目,0713,新宿三丁目
0713-11,新宿三丁目,0713,新宿三丁目
0714-08,新宿四丁目,0714,新宿四丁目
0714-09,新宿四丁目,0714,新宿四丁目
0715-01,新宿五丁目,0715,新宿五丁目
0715-02,新宿五丁目,0715,新宿五丁目
0717-01,新砂一丁目,0717,新砂一丁目
0717-02,新砂一丁目,0717,新砂一丁目
0717-03,新砂一丁目,0717,新砂一丁目
0718-01,新砂二丁目,0718,新砂二丁目
0718-02,新砂二丁目,0718,新砂二丁目
0719-03,新代田駅前,0719,新代田駅前
0719-04,新代田駅前,0719,新代田駅前
0720-01,月島駅前,0720,月島駅前
0720-02,月島駅前,0720,月島駅前
0721-01,新田,0721,新田
0721-02,新田,0721,新田
0722-01,日清食品前,0722,日清食品前
0722-02,日清食品前,0722,日清食品前
0723-01,環七新田,0723,環七新田
0723-02,環七新田,0723,環七新田
0723-03,環七新田,0723,環七新田
0723-04,環七新田,0723,環七新田
0724-01,新田住宅,0724,新田住宅
0724-02,新田住宅,0724,新田住宅
0725-01,新田土手通り,0725,新田土手通り
0725-02,新田土手通り,0725,新田土手通り
0726-01,新田橋,0726,新田橋
0726-02,新田橋,0726,新田橋
0727-01,新田一丁目,0727,新田一丁目
0727-02,新田一丁目,0727,新田一丁目
0728-01,新田二丁目,0728,新田二丁目
0728-02,新田二丁目,0728,新田二丁目
0729-01,新田三丁目,0729,新田三丁目
0729-02,新田三丁目,0729,新田三丁目
0730-06,新東海橋,0730,新東海橋
0730-07,新東海橋,0730,新東海橋
0732-01,新富町,0732,新富町
0732-02,新富町,0732,新富町
0733-01,新道,0733,新道
0733-02,新道,0733,新道
0734-01,新中野駅前,0734,新中野駅前
0734-02,新中野駅前,0734,新中野駅前
0735-01,新浜川橋,0735,新浜川橋
0735-02,新浜川橋,0735,新浜川橋
0736-01,新橋,0736,新橋
0736-03,新橋,0736,新橋
0736-06,新橋,0736,新橋
0737-01,新橋駅前,0737,新橋駅前
0737-02,新橋駅前,0737,新橋駅前
0737-03,新橋駅前,0737,新橋駅前
0737-04,新橋駅前,0737,新橋駅前
0737-05,新橋駅前,0737,新橋駅前
0737-06,新橋駅前,0737,新橋駅前
0739-01,新橋五丁目,0739,新橋五丁目
0739-02,新橋五丁目,0739,新橋五丁目
0740-01,新橋六丁目,0740,新橋六丁目
0740-02,新橋六丁目,0740,新橋六丁目
0740-03,新橋六丁目,0740,新橋六丁目
0740-04,新橋六丁目,0740,新橋六丁目
0741-01,新町天神社前,0741,新町天神社前
0741-02,新町天神社前,0741,新町天神社前
0743-01,新三河島駅前,0743,新三河島駅前
0743-02,新三河島駅前,0743,新三河島駅前
0744-01,神明二丁目,0744,神明二丁目
0744-02,神明二丁目,0744,神明二丁目
0745-01,小台二丁目,0745,小台二丁目
0745-02,小台二丁目,0745,小台二丁目
0746-01,森林公園前,0746,森林公園前
0746-02,森林公園前,0746,森林公園前
0747-01,新渡し,0747,新渡し
0747-02,新渡し,0747,新渡し
0749-01,実践女子学園前,0749,実践女子学園前
0750-01,十条仲原二丁目,0750,十条仲原二丁目
0750-02,十条仲原二丁目,0750,十条仲原二丁目
0751-01,十間橋,0751,十間橋
0751-02,十間橋,0751,十間橋
0752-01,十間橋通り,0752,十間橋通り
0752-02,十間橋通り,0752,十間橋通り
0754-01,順天堂病院前,0754,順天堂病院前
0754-02,順天堂病院前,0754,順天堂病院前
0755-01,五ノ橋,0755,五ノ橋
0755-02,五ノ橋,0755,五ノ橋
0757-01,常福寺入口,0757,常福寺入口
0757-02,常福寺入口,0757,常福寺入口
0758-01,神宮前一丁目,0758,神宮前一丁目
0758-02,神宮前一丁目,0758,神宮前一丁目
0759-01,神宮前二丁目,0759,神宮前二丁目
0759-02,神宮前二丁目,0759,神宮前二丁目
0760-01,神宮前六丁目,0760,神宮前六丁目
0760-02,神宮前六丁目,0760,神宮前六丁目
0761-01,神保町,0761,神保町
0761-02,神保町,0761,神保町
0762-01,神保町二丁目,0762,神保町二丁目
0762-02,神保町二丁目,0762,神保町二丁目
0763-01,陣屋橋,0763,陣屋橋
0763-02,陣屋橋,0763,陣屋橋
0764-01,高輪消防署港南出張所入口,0764,高輪消防署港南出張所入口
0765-01,水神,0765,水神
0765-02,水神,0765,水神
0766-01,水神森,0766,水神森
0766-02,水神森,0766,水神森
0767-01,池之端一丁目,0767,池之端一丁目
0767-02,池之端一丁目,0767,池之端一丁目
0768-01,水天宮前,0768,水天宮前
0768-02,水天宮前,0768,水天宮前
0768-03,水天宮前,0768,水天宮前
0769-01,芝浦水再生センター前,0769,芝浦水再生センター前
0769-02,芝浦水再生センター前,0769,芝浦水再生センター前
0771-01,水道橋駅前,0771,水道橋駅前
0771-02,水道橋駅前,0771,水道橋駅前
0773-03,巣鴨駅前,0773,巣鴨駅前
0773-04,巣鴨駅前,0773,巣鴨駅前
0774-05,巣鴨駅南口,0774,巣鴨駅南口
0774-06,巣鴨駅南口,0774,巣鴨駅南口
0775-01,巣鴨小学校前,0775,巣鴨小学校前
0775-02,巣鴨小学校前,0775,巣鴨小学校前
0776-01,巣鴨四丁目,0776,巣鴨四丁目
0776-02,巣鴨四丁目,0776,巣鴨四丁目
0777-01,菅原橋,0777,菅原橋
0777-02,菅原橋,0777,菅原橋
0777-03,菅原橋,0777,菅原橋
0778-03,数寄屋橋,0778,数寄屋橋
0778-04,数寄屋橋,0778,数寄屋橋
0779-01,杉並区役所前,0779,杉並区役所前
0779-02,杉並区役所前,0779,杉並区役所前
0780-01,杉並車庫前,0780,杉並車庫前
0780-02,杉並車庫前,0780,杉並車庫前
0780-03,杉並車庫前,0780,杉並車庫前
0780-04,杉並車庫前,0780,杉並車庫前
0781-01,セシオン杉並前,0781,セシオン杉並前
0781-02,セシオン杉並前,0781,セシオン杉並前
0782-01,梅里中央公園入口,0782,梅里中央公園入口
0782-02,梅里中央公園入口,0782,梅里中央公園入口
0784-05,須田町,0784,須田町
0784-07,須田町,0784,須田町
0785-01,都営両国駅前,0785,都営両国駅前
0785-02,都営両国駅前,0785,都営両国駅前
0786-01,隅田公園,0786,隅田公園
0786-02,隅田公園,0786,隅田公園
0786-03,隅田公園,0786,隅田公園
0786-04,隅田公園,0786,隅田公園
0787-01,住吉駅前,0787,住吉駅前
0787-02,住吉駅前,0787,住吉駅前
0787-03,住吉駅前,0787,住吉駅前
0788-01,住吉神社前,0788,住吉神社前
0788-02,住吉神社前,0788,住吉神社前
0789-01,住吉一丁目,0789,住吉一丁目
0789-02,住吉一丁目,0789,住吉一丁目
0789-05,住吉一丁目,0789,住吉一丁目
0791-01,駿河台下,0791,駿河台下
0791-02,駿河台下,0791,駿河台下
0792-01,諏訪神社前,0792,諏訪神社前
0792-02,諏訪神社前,0792,諏訪神社前
0794-01,西武百貨店前,0794,西武百貨店前
0795-01,聖母病院入口,0795,聖母病院入口
0795-02,聖母病院入口,0795,聖母病院入口
0796-01,聖明福祉協会前,0796,聖明福祉協会前
0796-02,聖明福祉協会前,0796,聖明福祉協会前
0797-01,聖路加病院前,0797,聖路加病院前
0797-02,聖路加病院前,0797,聖路加病院前
0798-01,関口一丁目,0798,関口一丁目
0798-02,関口一丁目,0798,関口一丁目
0799-01,ホテル椿山荘東京前,0799,ホテル椿山荘東京前
0799-02,ホテル椿山荘東京前,0799,ホテル椿山荘東京前
0805-01,泉岳寺前,0805,泉岳寺前
0805-02,泉岳寺前,0805,泉岳寺前
0806-01,浅間神社,0806,浅間神社
0806-02,浅間神社,0806,浅間神社
0807-01,千石一丁目,0807,千石一丁目(せんごくいっちょうめ（こうとうく）)
0807-02,千石一丁目,0807,千石一丁目(せんごくいっちょうめ（こうとうく）)
0808-01,千石一丁目,0808,千石一丁目(せんごくいっちょうめ（ぶんきょうく）)
0808-02,千石一丁目,0808,千石一丁目(せんごくいっちょうめ（ぶんきょうく）)
0808-03,千石一丁目,0808,千石一丁目(せんごくいっちょうめ（ぶんきょうく）)
0808-04,千石一丁目,0808,千石一丁目(せんごくいっちょうめ（ぶんきょうく）)
0809-01,千石二丁目,0809,千石二丁目(せんごくにちょうめ（こうとうく）)
0809-02,千石二丁目,0809,千石二丁目(せんごくにちょうめ（こうとうく）)
0810-03,千石二丁目,0810,千石二丁目(せんごくにちょうめ（ぶんきょうく）)
0810-04,千石二丁目,0810,千石二丁目(せんごくにちょうめ（ぶんきょうく）)
0811-01,千石三丁目,0811,千石三丁目
0811-02,千石三丁目,0811,千石三丁目
0811-03,千石三丁目,0811,千石三丁目
0811-04,千石三丁目,0811,千石三丁目
0813-01,千住大橋,0813,千住大橋
0813-02,千住大橋,0813,千住大橋
0814-01,千住桜木,0814,千住桜木
0814-02,千住桜木,0814,千住桜木
0814-03,千住桜木,0814,千住桜木
0814-04,千住桜木,0814,千住桜木
0814-05,千住桜木,0814,千住桜木
0815-01,千住車庫前,0815,千住車庫前
0815-02,千住車庫前,0815,千住車庫前
0815-03,千住車庫前,0815,千住車庫前
0815-04,千住車庫前,0815,千住車庫前
0815-05,千住車庫前,0815,千住車庫前
0816-01,千住竜田町,0816,千住竜田町
0816-02,千住竜田町,0816,千住竜田町
0817-01,千住中居町,0817,千住中居町
0817-02,千住中居町,0817,千住中居町
0820-01,千住二丁目,0820,千住二丁目
0820-02,千住二丁目,0820,千住二丁目
0820-03,千住二丁目,0820,千住二丁目
0820-04,千住二丁目,0820,千住二丁目
0820-05,千住二丁目,0820,千住二丁目
0821-01,千住四丁目,0821,千住四丁目
0821-02,千住四丁目,0821,千住四丁目
0822-01,千束,0822,千束
0822-02,千束,0822,千束
0824-01,千田,0824,千田
0824-02,千田,0824,千田
0825-01,仙台坂,0825,仙台坂
0825-02,仙台坂,0825,仙台坂
0825-03,仙台坂,0825,仙台坂
0826-01,仙台坂上,0826,仙台坂上
0826-02,仙台坂上,0826,仙台坂上
0827-01,仙台坂下,0827,仙台坂下
0827-02,仙台坂下,0827,仙台坂下
0828-01,千駄ヶ谷駅前,0828,千駄ヶ谷駅前
0828-02,千駄ヶ谷駅前,0828,千駄ヶ谷駅前
0828-03,千駄ヶ谷駅前,0828,千駄ヶ谷駅前
0829-01,千駄ヶ谷小学校前,0829,千駄ヶ谷小学校前
0829-02,千駄ヶ谷小学校前,0829,千駄ヶ谷小学校前
0830-01,千駄ヶ谷八幡前,0830,千駄ヶ谷八幡前
0830-02,千駄ヶ谷八幡前,0830,千駄ヶ谷八幡前
0831-01,千駄ヶ谷二丁目,0831,千駄ヶ谷二丁目
0831-02,千駄ヶ谷二丁目,0831,千駄ヶ谷二丁目
0832-01,千駄ヶ谷五丁目,0832,千駄ヶ谷五丁目
0832-02,千駄ヶ谷五丁目,0832,千駄ヶ谷五丁目
0833-01,千駄木二丁目,0833,千駄木二丁目
0833-02,千駄木二丁目,0833,千駄木二丁目
0834-01,千駄木三丁目,0834,千駄木三丁目
0834-02,千駄木三丁目,0834,千駄木三丁目
0835-01,千駄木五丁目,0835,千駄木五丁目
0835-02,千駄木五丁目,0835,千駄木五丁目
0836-01,都立八潮高校前,0836,都立八潮高校前
0836-02,都立八潮高校前,0836,都立八潮高校前
0836-03,都立八潮高校前,0836,都立八潮高校前
0836-04,都立八潮高校前,0836,都立八潮高校前
0838-01,宗泉寺,0838,宗泉寺
0838-02,宗泉寺,0838,宗泉寺
0839-05,早大正門,0839,早大正門
0839-06,早大正門,0839,早大正門
0839-07,早大正門,0839,早大正門
0839-08,早大正門,0839,早大正門
0839-09,早大正門,0839,早大正門
0840-01,即清寺,0840,即清寺
0840-02,即清寺,0840,即清寺
0841-01,袖ヶ浦,0841,袖ヶ浦
0841-02,袖ヶ浦,0841,袖ヶ浦
0842-01,外神田二丁目,0842,外神田二丁目
0845-01,御殿山小学校前,0845,御殿山小学校前
0845-02,御殿山小学校前,0845,御殿山小学校前
0846-01,南池袋一丁目,0846,南池袋一丁目
0846-02,南池袋一丁目,0846,南池袋一丁目
0847-01,雑司ヶ谷霊園入口,0847,雑司ヶ谷霊園入口
0847-02,雑司ヶ谷霊園入口,0847,雑司ヶ谷霊園入口
0848-01,蔵敷,0848,蔵敷
0848-02,蔵敷,0848,蔵敷
0850-01,太平一丁目,0850,太平一丁目
0850-02,太平一丁目,0850,太平一丁目
0851-01,太平三丁目,0851,太平三丁目
0851-02,太平三丁目,0851,太平三丁目
0851-03,太平三丁目,0851,太平三丁目
0852-01,太平四丁目,0852,太平四丁目
0852-02,太平四丁目,0852,太平四丁目
0855-01,高田馬場駅前,0855,高田馬場駅前
0855-02,高田馬場駅前,0855,高田馬場駅前
0855-03,高田馬場駅前,0855,高田馬場駅前
0855-04,高田馬場駅前,0855,高田馬場駅前
0855-05,高田馬場駅前,0855,高田馬場駅前
0855-06,高田馬場駅前,0855,高田馬場駅前
0855-09,高田馬場駅前,0855,高田馬場駅前
0856-01,学習院女子大学前,0856,学習院女子大学前
0856-02,学習院女子大学前,0856,学習院女子大学前
0856-03,学習院女子大学前,0856,学習院女子大学前
0857-01,高田馬場二丁目,0857,高田馬場二丁目
0857-02,高田馬場二丁目,0857,高田馬場二丁目
0857-03,高田馬場二丁目,0857,高田馬場二丁目
0857-04,高田馬場二丁目,0857,高田馬場二丁目
0858-01,高田馬場三丁目,0858,高田馬場三丁目
0858-02,高田馬場三丁目,0858,高田馬場三丁目
0859-01,高田馬場四丁目,0859,高田馬場四丁目
0859-02,高田馬場四丁目,0859,高田馬場四丁目
0860-01,高田一丁目,0860,高田一丁目
0860-02,高田一丁目,0860,高田一丁目
0861-01,高土戸,0861,高土戸
0861-02,高土戸,0861,高土戸
0863-01,高輪北町,0863,高輪北町
0863-02,高輪北町,0863,高輪北町
0864-01,高輪警察署前,0864,高輪警察署前
0864-02,高輪警察署前,0864,高輪警察署前
0865-01,高輪台駅前,0865,高輪台駅前
0865-02,高輪台駅前,0865,高輪台駅前
0866-01,高輪一丁目,0866,高輪一丁目
0866-04,高輪一丁目,0866,高輪一丁目
0867-02,高輪二丁目,0867,高輪二丁目
0868-01,高輪三丁目,0868,高輪三丁目
0868-02,高輪三丁目,0868,高輪三丁目
0869-03,グランドプリンスホテル新高輪前,0869,グランドプリンスホテル新高輪前
0869-04,グランドプリンスホテル新高輪前,0869,グランドプリンスホテル新高輪前
0870-01,高浜橋,0870,高浜橋
0870-02,高浜橋,0870,高浜橋
0871-01,高橋,0871,高橋
0871-02,高橋,0871,高橋
0875-01,滝成,0875,滝成
0875-02,滝成,0875,滝成
0876-01,滝の上,0876,滝の上
0876-02,滝の上,0876,滝の上
0878-01,滝野川二丁目,0878,滝野川二丁目
0878-02,滝野川二丁目,0878,滝野川二丁目
0879-01,滝野川三丁目,0879,滝野川三丁目
0879-02,滝野川三丁目,0879,滝野川三丁目
0880-01,竹芝桟橋入口,0880,竹芝桟橋入口
0881-01,竹の塚駅前,0881,竹の塚駅前
0881-06,竹の塚駅前,0881,竹の塚駅前
0881-07,竹の塚駅前,0881,竹の塚駅前
0885-01,橘通り,0885,橘通り
0885-02,橘通り,0885,橘通り
0886-01,竜岡門,0886,竜岡門
0886-02,竜岡門,0886,竜岡門
0887-01,辰巳団地,0887,辰巳団地
0887-02,辰巳団地,0887,辰巳団地
0887-03,辰巳団地,0887,辰巳団地
0887-04,辰巳団地,0887,辰巳団地
0888-01,辰巳橋,0888,辰巳橋
0888-02,辰巳橋,0888,辰巳橋
0889-01,巽橋,0889,巽橋
0889-02,巽橋,0889,巽橋
0890-01,辰巳一丁目,0890,辰巳一丁目
0890-02,辰巳一丁目,0890,辰巳一丁目
0890-03,辰巳一丁目,0890,辰巳一丁目
0890-04,辰巳一丁目,0890,辰巳一丁目
0891-01,辰巳駅前,0891,辰巳駅前
0891-02,辰巳駅前,0891,辰巳駅前
0891-03,辰巳駅前,0891,辰巳駅前
0891-04,辰巳駅前,0891,辰巳駅前
0892-01,立川,0892,立川
0892-02,立川,0892,立川
0893-01,竪川大橋北詰,0893,竪川大橋北詰
0893-02,竪川大橋北詰,0893,竪川大橋北詰
0898-01,田端駅前,0898,田端駅前
0898-02,田端駅前,0898,田端駅前
0898-03,田端駅前,0898,田端駅前
0899-01,田端新町,0899,田端新町
0899-02,田端新町,0899,田端新町
0900-01,田端新町一丁目,0900,田端新町一丁目
0900-02,田端新町一丁目,0900,田端新町一丁目
0900-03,田端新町一丁目,0900,田端新町一丁目
0900-04,田端新町一丁目,0900,田端新町一丁目
0900-05,田端新町一丁目,0900,田端新町一丁目
0901-01,田端新町二丁目,0901,田端新町二丁目
0901-02,田端新町二丁目,0901,田端新町二丁目
0902-01,田端新町三丁目,0902,田端新町三丁目
0902-02,田端新町三丁目,0902,田端新町三丁目
0902-03,田端新町三丁目,0902,田端新町三丁目
0902-04,田端新町三丁目,0902,田端新町三丁目
0905-01,多摩団地前,0905,多摩団地前
0905-02,多摩団地前,0905,多摩団地前
0906-07,田町駅東口,0906,田町駅東口
0906-08,田町駅東口,0906,田町駅東口
0907-01,田町駅前,0907,田町駅前
0909-01,溜池,0909,溜池
0909-02,溜池,0909,溜池
0910-01,共育プラザ一之江入口,0910,共育プラザ一之江入口
0910-02,共育プラザ一之江入口,0910,共育プラザ一之江入口
0911-01,第五大島小学校前,0911,第五大島小学校前
0911-02,第五大島小学校前,0911,第五大島小学校前
0912-01,第五中学校裏,0912,第五中学校裏
0912-02,第五中学校裏,0912,第五中学校裏
0913-02,大島七丁目,0913,大島七丁目
0913-03,大島七丁目,0913,大島七丁目
0914-01,代田橋,0914,代田橋
0914-02,代田橋,0914,代田橋
0914-03,代田橋,0914,代田橋
0916-01,第七葛西小学校前,0916,第七葛西小学校前
0916-02,第七葛西小学校前,0916,第七葛西小学校前
0917-01,第七砂町小学校前,0917,第七砂町小学校前
0917-02,第七砂町小学校前,0917,第七砂町小学校前
0919-01,大門駅前,0919,大門駅前
0919-02,大門駅前,0919,大門駅前
0919-03,大門駅前,0919,大門駅前
0920-01,大門小学校前,0920,大門小学校前
0920-02,大門小学校前,0920,大門小学校前
0921-01,第四葛西小学校前,0921,第四葛西小学校前
0921-02,第四葛西小学校前,0921,第四葛西小学校前
0922-01,団子坂下,0922,団子坂下
0922-02,団子坂下,0922,団子坂下
0922-03,団子坂下,0922,団子坂下
0922-04,団子坂下,0922,団子坂下
0923-01,千ヶ瀬四丁目,0923,千ヶ瀬四丁目
0923-02,千ヶ瀬四丁目,0923,千ヶ瀬四丁目
0924-01,千ヶ瀬五丁目,0924,千ヶ瀬五丁目
0924-02,千ヶ瀬五丁目,0924,千ヶ瀬五丁目
0925-01,新田山公園,0925,新田山公園
0925-02,新田山公園,0925,新田山公園
0926-01,千登世橋,0926,千登世橋
0926-02,千登世橋,0926,千登世橋
0927-01,千歳三丁目,0927,千歳三丁目
0927-02,千歳三丁目,0927,千歳三丁目
0929-01,中央通り,0929,中央通り
0929-02,中央通り,0929,中央通り
0930-01,中央橋,0930,中央橋
0930-02,中央橋,0930,中央橋
0931-01,中央三丁目,0931,中央三丁目
0931-02,中央三丁目,0931,中央三丁目
0933-01,長円寺前,0933,長円寺前
0933-02,長円寺前,0933,長円寺前
0934-01,貯水池下,0934,貯水池下
0934-02,貯水池下,0934,貯水池下
0935-03,経済産業省前,0935,経済産業省前
0935-04,経済産業省前,0935,経済産業省前
0936-01,山九本社前,0936,山九本社前
0936-02,山九本社前,0936,山九本社前
0937-02,月島三丁目,0937,月島三丁目
0937-03,月島三丁目,0937,月島三丁目
0938-01,月島四丁目,0938,月島四丁目
0938-02,月島四丁目,0938,月島四丁目
0939-01,築地,0939,築地
0939-02,築地,0939,築地
0941-01,築地駅前,0941,築地駅前
0941-02,築地駅前,0941,築地駅前
0944-01,築地二丁目,0944,築地二丁目
0944-02,築地二丁目,0944,築地二丁目
0945-01,築地三丁目,0945,築地三丁目
0945-02,築地三丁目,0945,築地三丁目
0946-01,築地六丁目,0946,築地六丁目
0946-02,築地六丁目,0946,築地六丁目
0947-01,築地七丁目,0947,築地七丁目
0947-02,築地七丁目,0947,築地七丁目
0949-03,東京新宿メディカルセンター前,0949,東京新宿メディカルセンター前
0949-04,東京新宿メディカルセンター前,0949,東京新宿メディカルセンター前
0952-01,椿二丁目,0952,椿二丁目
0952-02,椿二丁目,0952,椿二丁目
0953-01,鶴巻町,0953,鶴巻町
0953-02,鶴巻町,0953,鶴巻町
0954-01,哲学堂,0954,哲学堂
0954-02,哲学堂,0954,哲学堂
0955-01,鉄砲洲,0955,鉄砲洲
0955-02,鉄砲洲,0955,鉄砲洲
0956-01,天現寺橋,0956,天現寺橋
0956-02,天現寺橋,0956,天現寺橋
0956-03,天現寺橋,0956,天現寺橋
0956-04,天現寺橋,0956,天現寺橋
0957-01,天神町,0957,天神町
0957-02,天神町,0957,天神町
0958-01,天神町二丁目,0958,天神町二丁目
0958-02,天神町二丁目,0958,天神町二丁目
0959-01,天神橋,0959,天神橋
0959-02,天神橋,0959,天神橋
0960-01,天王洲橋,0960,天王洲橋
0960-02,天王洲橋,0960,天王洲橋
0960-03,天王洲橋,0960,天王洲橋
0960-05,天王洲橋,0960,天王洲橋
0961-01,伝通院前,0961,伝通院前
0961-02,伝通院前,0961,伝通院前
0961-03,伝通院前,0961,伝通院前
0961-04,伝通院前,0961,伝通院前
0963-01,東急百貨店本店前,0963,東急百貨店本店前
0964-01,東京医大病院前,0964,東京医大病院前
0964-02,東京医大病院前,0964,東京医大病院前
0965-01,東京駅丸の内北口,0965,東京駅丸の内北口
0965-02,東京駅丸の内北口,0965,東京駅丸の内北口
0965-03,東京駅丸の内北口,0965,東京駅丸の内北口
0966-02,東京駅丸の内南口,0966,東京駅丸の内南口
0966-03,東京駅丸の内南口,0966,東京駅丸の内南口
0966-04,東京駅丸の内南口,0966,東京駅丸の内南口
0966-05,東京駅丸の内南口,0966,東京駅丸の内南口
0967-01,東京駅八重洲口,0967,東京駅八重洲口
0967-02,東京駅八重洲口,0967,東京駅八重洲口
0967-03,東京駅八重洲口,0967,東京駅八重洲口
0967-04,東京駅八重洲口,0967,東京駅八重洲口
0969-01,東京海洋大学越中島校舎前,0969,東京海洋大学越中島校舎前
0969-02,東京海洋大学越中島校舎前,0969,東京海洋大学越中島校舎前
0970-02,東京女学館前,0970,東京女学館前
0971-01,東京女子医大前,0971,東京女子医大前
0971-02,東京女子医大前,0971,東京女子医大前
0971-03,東京女子医大前,0971,東京女子医大前
0972-01,楽水橋（品川車庫入口）,0972,楽水橋（品川車庫入口）
0972-02,楽水橋（品川車庫入口）,0972,楽水橋（品川車庫入口）
0973-01,東京税関大井出張所前,0973,東京税関大井出張所前
0973-02,東京税関大井出張所前,0973,東京税関大井出張所前
0974-01,東京出入国在留管理局前,0974,東京出入国在留管理局前
0974-02,東京出入国在留管理局前,0974,東京出入国在留管理局前
0975-01,東京タワー,0975,東京タワー
0975-02,東京タワー,0975,東京タワー
0976-01,東京炭坑前,0976,東京炭坑前
0976-02,東京炭坑前,0976,東京炭坑前
0977-01,鮫洲運転免許試験場前,0977,鮫洲運転免許試験場前
0977-02,鮫洲運転免許試験場前,0977,鮫洲運転免許試験場前
0978-01,新田東,0978,新田東
0978-02,新田東,0978,新田東
0979-01,東大赤門前,0979,東大赤門前
0979-02,東大赤門前,0979,東大赤門前
0980-01,東大構内,0980,東大構内
0980-02,東大構内,0980,東大構内
0980-03,東大構内,0980,東大構内
0981-01,東大正門前,0981,東大正門前
0981-02,東大正門前,0981,東大正門前
0982-01,東大農学部前,0982,東大農学部前
0982-02,東大農学部前,0982,東大農学部前
0982-03,東大農学部前,0982,東大農学部前
0982-04,東大農学部前,0982,東大農学部前
0983-01,東大病院前,0983,東大病院前
0983-02,東大病院前,0983,東大病院前
0983-03,東大病院前,0983,東大病院前
0984-01,東武浅草駅前,0984,東武浅草駅前
0984-02,東武浅草駅前,0984,東武浅草駅前
0984-03,東武浅草駅前,0984,東武浅草駅前
0984-04,東武浅草駅前,0984,東武浅草駅前
0984-05,東武浅草駅前,0984,東武浅草駅前
0985-02,東京タワー（公園下）,0985,東京タワー（公園下）
0986-01,東部病院前,0986,東部病院前
0986-02,東部病院前,0986,東部病院前
0987-01,東陽操車所前,0987,東陽操車所前
0987-02,東陽操車所前,0987,東陽操車所前
0988-01,東洋大学前,0988,東洋大学前
0988-02,東洋大学前,0988,東洋大学前
0989-01,東陽町駅前,0989,東陽町駅前
0989-02,東陽町駅前,0989,東陽町駅前
0989-03,東陽町駅前,0989,東陽町駅前
0989-04,東陽町駅前,0989,東陽町駅前
0989-05,東陽町駅前,0989,東陽町駅前
0989-06,東陽町駅前,0989,東陽町駅前
0989-07,東陽町駅前,0989,東陽町駅前
0989-08,東陽町駅前,0989,東陽町駅前
0990-01,東陽一丁目,0990,東陽一丁目
0990-02,東陽一丁目,0990,東陽一丁目
0991-01,東陽三丁目,0991,東陽三丁目
0991-02,東陽三丁目,0991,東陽三丁目
0991-03,東陽三丁目,0991,東陽三丁目
0991-04,東陽三丁目,0991,東陽三丁目
0992-01,東陽五丁目,0992,東陽五丁目
0992-02,東陽五丁目,0992,東陽五丁目
0993-01,東陽六丁目,0993,東陽六丁目
0993-02,東陽六丁目,0993,東陽六丁目
0996-01,都営戸山ハイツ前,0996,都営戸山ハイツ前
0997-01,通り三丁目,0997,通り三丁目
0997-02,通り三丁目,0997,通り三丁目
0998-01,Hareza池袋,0998,Hareza池袋
0998-02,Hareza池袋,0998,Hareza池袋
0999-01,東池袋三丁目,0999,東池袋三丁目
0999-02,東池袋三丁目,0999,東池袋三丁目
1000-01,豊島橋,1000,豊島橋
1000-02,豊島橋,1000,豊島橋
1001-01,豊島二丁目,1001,豊島二丁目
1001-02,豊島二丁目,1001,豊島二丁目
1002-01,豊島三丁目,1002,豊島三丁目
1002-02,豊島三丁目,1002,豊島三丁目
1003-01,豊島四丁目,1003,豊島四丁目
1003-02,豊島四丁目,1003,豊島四丁目
1004-01,豊島五丁目団地,1004,豊島五丁目団地
1004-02,豊島五丁目団地,1004,豊島五丁目団地
1004-03,豊島五丁目団地,1004,豊島五丁目団地
1004-04,豊島五丁目団地,1004,豊島五丁目団地
1004-05,豊島五丁目団地,1004,豊島五丁目団地
1005-01,豊島七丁目,1005,豊島七丁目
1006-01,豊島八丁目,1006,豊島八丁目
1006-02,豊島八丁目,1006,豊島八丁目
1006-03,豊島八丁目,1006,豊島八丁目
1007-01,豊島六丁目,1007,豊島六丁目
1007-02,豊島六丁目,1007,豊島六丁目
1008-01,東京国際フォーラム前,1008,東京国際フォーラム前
1008-03,東京国際フォーラム前,1008,東京国際フォーラム前
1009-01,新宿区社会福祉協議会前,1009,新宿区社会福祉協議会前
1009-02,新宿区社会福祉協議会前,1009,新宿区社会福祉協議会前
1015-01,殿ヶ谷,1015,殿ヶ谷
1015-02,殿ヶ谷,1015,殿ヶ谷
1016-01,富岡一丁目,1016,富岡一丁目(とみおかいっちょうめ)
1016-02,富岡一丁目,1016,富岡一丁目(とみおかいっちょうめ)
1017-01,富ヶ谷,1017,富ヶ谷
1017-02,富ヶ谷,1017,富ヶ谷
1018-01,富坂上,1018,富坂上
1018-02,富坂上,1018,富坂上
1019-01,国立国際医療センター前,1019,国立国際医療センター前
1019-02,国立国際医療センター前,1019,国立国際医療センター前
1021-01,豊洲四丁目,1021,豊洲四丁目
1021-02,豊洲四丁目,1021,豊洲四丁目
1024-01,豊洲二丁目,1024,豊洲二丁目
1024-02,豊洲二丁目,1024,豊洲二丁目
1025-01,豊洲駅前,1025,豊洲駅前
1025-02,豊洲駅前,1025,豊洲駅前
1025-03,豊洲駅前,1025,豊洲駅前
1025-04,豊洲駅前,1025,豊洲駅前
1025-05,豊洲駅前,1025,豊洲駅前
1025-06,豊洲駅前,1025,豊洲駅前
1025-07,豊洲駅前,1025,豊洲駅前
1025-08,豊洲駅前,1025,豊洲駅前
1025-09,豊洲駅前,1025,豊洲駅前
1025-10,豊洲駅前,1025,豊洲駅前
1025-11,豊洲駅前,1025,豊洲駅前
1025-12,豊洲駅前,1025,豊洲駅前
1025-13,豊洲駅前,1025,豊洲駅前
1026-01,ＩＨＩ前,1026,ＩＨＩ前
1026-02,ＩＨＩ前,1026,ＩＨＩ前
1027-01,豊住橋,1027,豊住橋
1027-02,豊住橋,1027,豊住橋
1027-03,豊住橋,1027,豊住橋
1028-01,豊洲一丁目,1028,豊洲一丁目
1028-03,豊洲一丁目,1028,豊洲一丁目
1029-01,豊玉北,1029,豊玉北
1029-02,豊玉北,1029,豊玉北
1031-01,豊玉北四丁目,1031,豊玉北四丁目
1031-02,豊玉北四丁目,1031,豊玉北四丁目
1032-01,豊玉中,1032,豊玉中
1032-02,豊玉中,1032,豊玉中
1033-01,豊玉中一丁目,1033,豊玉中一丁目
1033-02,豊玉中一丁目,1033,豊玉中一丁目
1034-01,豊玉中二丁目,1034,豊玉中二丁目
1034-02,豊玉中二丁目,1034,豊玉中二丁目
1034-03,豊玉中二丁目,1034,豊玉中二丁目
1034-04,豊玉中二丁目,1034,豊玉中二丁目
1035-01,豊海水産埠頭,1035,豊海水産埠頭
1035-02,豊海水産埠頭,1035,豊海水産埠頭
1036-01,虎ノ門,1036,虎ノ門
1036-02,虎ノ門,1036,虎ノ門
1039-03,虎ノ門三丁目,1039,虎ノ門三丁目
1039-04,虎ノ門三丁目,1039,虎ノ門三丁目
1040-01,虎ノ門五丁目,1040,虎ノ門五丁目
1040-02,虎ノ門五丁目,1040,虎ノ門五丁目
1044-01,都立新宿山吹高校前,1044,都立新宿山吹高校前
1044-02,都立新宿山吹高校前,1044,都立新宿山吹高校前
1045-01,都立足立高校前,1045,都立足立高校前
1045-02,都立足立高校前,1045,都立足立高校前
1046-01,大塚四丁目,1046,大塚四丁目
1046-02,大塚四丁目,1046,大塚四丁目
1048-01,都立産業技術高専品川キャンパス前,1048,都立産業技術高専品川キャンパス前
1048-02,都立産業技術高専品川キャンパス前,1048,都立産業技術高専品川キャンパス前
1048-03,都立産業技術高専品川キャンパス前,1048,都立産業技術高専品川キャンパス前
1049-01,東浅草,1049,東浅草
1049-02,東浅草,1049,東浅草
1050-01,都立三商前,1050,都立三商前
1050-02,都立三商前,1050,都立三商前
1051-01,早大理工前,1051,早大理工前
1051-02,早大理工前,1051,早大理工前
1052-01,八広三丁目,1052,八広三丁目
1052-02,八広三丁目,1052,八広三丁目
1055-01,道灌山下,1055,道灌山下
1055-02,道灌山下,1055,道灌山下
1055-03,道灌山下,1055,道灌山下
1055-04,道灌山下,1055,道灌山下
1057-01,動坂下,1057,動坂下
1057-02,動坂下,1057,動坂下
1057-03,動坂下,1057,動坂下
1057-04,動坂下,1057,動坂下
1058-01,同潤会,1058,同潤会
1058-02,同潤会,1058,同潤会
1060-01,内藤町大京町,1060,内藤町大京町
1060-02,内藤町大京町,1060,内藤町大京町
1062-01,中板橋駅入口,1062,中板橋駅入口
1062-02,中板橋駅入口,1062,中板橋駅入口
1063-01,中井橋,1063,中井橋
1063-02,中井橋,1063,中井橋
1064-01,中居堀,1064,中居堀
1064-02,中居堀,1064,中居堀
1064-03,中居堀,1064,中居堀
1064-04,中居堀,1064,中居堀
1065-01,中入谷,1065,中入谷(なかいりや（あだちく）)
1065-02,中入谷,1065,中入谷(なかいりや（あだちく）)
1066-01,中入谷,1066,中入谷(なかいりや（たいとうく）)
1066-02,中入谷,1066,中入谷(なかいりや（たいとうく）)
1069-01,中葛西五丁目,1069,中葛西五丁目
1069-02,中葛西五丁目,1069,中葛西五丁目
1070-01,中葛西七丁目,1070,中葛西七丁目
1070-02,中葛西七丁目,1070,中葛西七丁目
1070-03,中葛西七丁目,1070,中葛西七丁目
1070-04,中葛西七丁目,1070,中葛西七丁目
1071-01,中川大橋,1071,中川大橋
1071-02,中川大橋,1071,中川大橋
1072-01,中川新橋,1072,中川新橋
1072-02,中川新橋,1072,中川新橋
1072-03,中川新橋,1072,中川新橋
1075-01,成木二丁目自治会館前,1075,成木二丁目自治会館前
1075-02,成木二丁目自治会館前,1075,成木二丁目自治会館前
1076-01,中里橋,1076,中里橋
1076-02,中里橋,1076,中里橋
1077-01,中十条四丁目,1077,中十条四丁目
1077-02,中十条四丁目,1077,中十条四丁目
1078-01,中宿,1078,中宿
1078-02,中宿,1078,中宿
1080-01,仲町,1080,仲町
1080-02,仲町,1080,仲町
1082-01,仲町東組,1082,仲町東組
1082-02,仲町東組,1082,仲町東組
1083-01,中藤,1083,中藤
1083-02,中藤,1083,中藤
1086-01,中野北郵便局前,1086,中野北郵便局前
1086-02,中野北郵便局前,1086,中野北郵便局前
1089-02,中野坂上,1089,中野坂上
1089-03,中野坂上,1089,中野坂上
1091-01,中野天神前,1091,中野天神前
1091-02,中野天神前,1091,中野天神前
1092-01,本町三丁目,1092,本町三丁目(ほんちょうさんちょうめ（なかのく）)
1092-02,本町三丁目,1092,本町三丁目(ほんちょうさんちょうめ（なかのく）)
1093-01,中の橋,1093,中の橋
1093-02,中の橋,1093,中の橋
1094-02,中ノ橋,1094,中ノ橋
1094-03,中ノ橋,1094,中ノ橋
1094-04,中ノ橋,1094,中ノ橋
1094-05,中ノ橋,1094,中ノ橋
1095-01,中の橋通り,1095,中の橋通り
1095-02,中の橋通り,1095,中の橋通り
1099-01,中原,1099,中原
1099-02,中原,1099,中原
1101-01,中平井,1101,中平井
1103-01,長岡,1103,長岡
1103-02,長岡,1103,長岡
1104-01,東葛西三丁目,1104,東葛西三丁目
1104-02,東葛西三丁目,1104,東葛西三丁目
1106-01,長島町交差点,1106,長島町交差点
1106-02,長島町交差点,1106,長島町交差点
1106-03,長島町交差点,1106,長島町交差点
1106-04,長島町交差点,1106,長島町交差点
1108-01,永田町,1108,永田町
1108-02,永田町,1108,永田町
1110-01,長渕七丁目,1110,長渕七丁目
1110-02,長渕七丁目,1110,長渕七丁目
1111-01,なぎさニュータウン,1111,なぎさニュータウン
1111-02,なぎさニュータウン,1111,なぎさニュータウン
1111-03,なぎさニュータウン,1111,なぎさニュータウン
1111-04,なぎさニュータウン,1111,なぎさニュータウン
1111-05,なぎさニュータウン,1111,なぎさニュータウン
1112-01,鍋屋横丁,1112,鍋屋横丁
1112-02,鍋屋横丁,1112,鍋屋横丁
1114-01,並木橋,1114,並木橋
1114-02,並木橋,1114,並木橋
1115-01,泪橋,1115,泪橋
1115-02,泪橋,1115,泪橋
1115-03,泪橋,1115,泪橋
1115-04,泪橋,1115,泪橋
1116-01,奈良橋,1116,奈良橋
1116-02,奈良橋,1116,奈良橋
1117-01,成木市民センター前,1117,成木市民センター前
1117-02,成木市民センター前,1117,成木市民センター前
1117-03,成木市民センター前,1117,成木市民センター前
1118-01,成木四丁目,1118,成木四丁目
1118-02,成木四丁目,1118,成木四丁目
1119-01,柏木,1119,柏木
1119-02,柏木,1119,柏木
1120-01,とうきょうスカイツリー駅入口,1120,とうきょうスカイツリー駅入口
1120-02,とうきょうスカイツリー駅入口,1120,とうきょうスカイツリー駅入口
1121-01,業平四丁目,1121,業平四丁目
1121-02,業平四丁目,1121,業平四丁目
1122-01,成子坂下,1122,成子坂下
1122-02,成子坂下,1122,成子坂下
1123-01,南街入口,1123,南街入口
1123-02,南街入口,1123,南街入口
1124-01,南街通り,1124,南街通り
1124-02,南街通り,1124,南街通り
1125-01,納戸町,1125,納戸町
1125-02,納戸町,1125,納戸町
1126-01,新宿一丁目,1126,新宿一丁目(にいじゅくいっちょうめ)
1126-02,新宿一丁目,1126,新宿一丁目(にいじゅくいっちょうめ)
1127-01,新島橋,1127,新島橋
1127-04,新島橋,1127,新島橋
1128-01,新宿郵便局前,1128,新宿郵便局前
1128-02,新宿郵便局前,1128,新宿郵便局前
1129-01,西浅草三丁目,1129,西浅草三丁目
1129-02,西浅草三丁目,1129,西浅草三丁目
1129-03,西浅草三丁目,1129,西浅草三丁目
1129-04,西浅草三丁目,1129,西浅草三丁目
1129-05,西浅草三丁目,1129,西浅草三丁目
1130-01,西麻布,1130,西麻布
1130-02,西麻布,1130,西麻布
1130-03,西麻布,1130,西麻布
1130-04,西麻布,1130,西麻布
1131-01,西麻布二丁目,1131,西麻布二丁目
1131-02,西麻布二丁目,1131,西麻布二丁目
1132-03,西新井駅前,1132,西新井駅前
1132-04,西新井駅前,1132,西新井駅前
1133-01,西新井陸橋,1133,西新井陸橋
1133-02,西新井陸橋,1133,西新井陸橋
1133-03,西新井陸橋,1133,西新井陸橋
1134-01,西新井大師前,1134,西新井大師前
1134-02,西新井大師前,1134,西新井大師前
1136-01,舎人公園前,1136,舎人公園前
1136-02,舎人公園前,1136,舎人公園前
1137-01,西一之江三丁目,1137,西一之江三丁目
1137-02,西一之江三丁目,1137,西一之江三丁目
1138-01,西一之江四丁目,1138,西一之江四丁目
1138-02,西一之江四丁目,1138,西一之江四丁目
1138-03,西一之江四丁目,1138,西一之江四丁目
1139-01,西一之江二丁目,1139,西一之江二丁目
1139-02,西一之江二丁目,1139,西一之江二丁目
1140-01,西大島駅前,1140,西大島駅前
1140-02,西大島駅前,1140,西大島駅前
1140-03,西大島駅前,1140,西大島駅前
1140-04,西大島駅前,1140,西大島駅前
1140-05,西大島駅前,1140,西大島駅前
1141-01,西尾久二丁目,1141,西尾久二丁目
1141-02,西尾久二丁目,1141,西尾久二丁目
1142-01,西尾久三丁目,1142,西尾久三丁目
1142-02,西尾久三丁目,1142,西尾久三丁目
1143-01,西尾久四丁目,1143,西尾久四丁目
1143-02,西尾久四丁目,1143,西尾久四丁目
1144-01,西落合一丁目,1144,西落合一丁目
1144-02,西落合一丁目,1144,西落合一丁目
1145-01,落合南長崎駅前,1145,落合南長崎駅前
1145-03,落合南長崎駅前,1145,落合南長崎駅前
1145-04,落合南長崎駅前,1145,落合南長崎駅前
1146-01,西葛西駅前,1146,西葛西駅前
1146-02,西葛西駅前,1146,西葛西駅前
1146-03,西葛西駅前,1146,西葛西駅前
1146-04,西葛西駅前,1146,西葛西駅前
1146-05,西葛西駅前,1146,西葛西駅前
1146-06,西葛西駅前,1146,西葛西駅前
1146-08,西葛西駅前,1146,西葛西駅前
1147-01,西葛西三丁目,1147,西葛西三丁目
1147-02,西葛西三丁目,1147,西葛西三丁目
1148-01,スポーツセンター前,1148,スポーツセンター前
1148-02,スポーツセンター前,1148,スポーツセンター前
1149-01,西葛西六丁目,1149,西葛西六丁目
1149-02,西葛西六丁目,1149,西葛西六丁目
1152-01,西神田一丁目,1152,西神田一丁目
1152-02,西神田一丁目,1152,西神田一丁目
1159-04,東亞合成本社前,1159,東亞合成本社前
1159-05,東亞合成本社前,1159,東亞合成本社前
1162-01,西巣鴨,1162,西巣鴨
1162-02,西巣鴨,1162,西巣鴨
1162-03,西巣鴨,1162,西巣鴨
1163-01,西長岡,1163,西長岡
1163-02,西長岡,1163,西長岡
1164-01,西日暮里駅前,1164,西日暮里駅前
1164-02,西日暮里駅前,1164,西日暮里駅前
1164-03,西日暮里駅前,1164,西日暮里駅前
1164-04,西日暮里駅前,1164,西日暮里駅前
1165-01,西日暮里一丁目,1165,西日暮里一丁目
1165-02,西日暮里一丁目,1165,西日暮里一丁目
1166-01,西日暮里二丁目,1166,西日暮里二丁目
1166-02,西日暮里二丁目,1166,西日暮里二丁目
1167-01,西日暮里五丁目,1167,西日暮里五丁目
1167-02,西日暮里五丁目,1167,西日暮里五丁目
1168-01,西日暮里六丁目,1168,西日暮里六丁目
1168-02,西日暮里六丁目,1168,西日暮里六丁目
1169-01,西馬橋,1169,西馬橋
1169-02,西馬橋,1169,西馬橋
1170-01,西瑞江一丁目,1170,西瑞江一丁目
1170-02,西瑞江一丁目,1170,西瑞江一丁目
1171-01,西瑞江五丁目,1171,西瑞江五丁目
1171-02,西瑞江五丁目,1171,西瑞江五丁目
1172-01,西分,1172,西分
1172-02,西分,1172,西分
1173-01,西分二丁目,1173,西分二丁目
1173-02,西分二丁目,1173,西分二丁目
1174-01,西早稲田,1174,西早稲田
1174-02,西早稲田,1174,西早稲田
1174-03,西早稲田,1174,西早稲田
1174-04,西早稲田,1174,西早稲田
1175-01,日赤医療センター前,1175,日赤医療センター前
1175-02,日赤医療センター前,1175,日赤医療センター前
1176-01,日赤医療センター下,1176,日赤医療センター下
1176-02,日赤医療センター下,1176,日赤医療センター下
1177-01,日曹橋,1177,日曹橋
1177-02,日曹橋,1177,日曹橋
1178-01,日暮里駅前,1178,日暮里駅前
1178-02,日暮里駅前,1178,日暮里駅前
1178-03,日暮里駅前,1178,日暮里駅前
1178-04,日暮里駅前,1178,日暮里駅前
1178-05,日暮里駅前,1178,日暮里駅前
1179-01,二天門,1179,二天門
1179-02,二天門,1179,二天門
1180-01,二ノ橋,1180,二ノ橋
1180-02,二ノ橋,1180,二ノ橋
1180-03,二ノ橋,1180,二ノ橋
1180-04,二ノ橋,1180,二ノ橋
1183-03,日本女子大前,1183,日本女子大前
1183-04,日本女子大前,1183,日本女子大前
1184-01,日本堤,1184,日本堤
1184-02,日本堤,1184,日本堤
1185-01,日本橋,1185,日本橋
1185-02,日本橋,1185,日本橋
1185-03,日本橋,1185,日本橋
1185-04,日本橋,1185,日本橋
1186-01,日本橋三越,1186,日本橋三越
1186-02,日本橋三越,1186,日本橋三越
1187-01,二枚橋,1187,二枚橋
1187-02,二枚橋,1187,二枚橋
1188-01,人形町三丁目,1188,人形町三丁目
1189-01,抜弁天,1189,抜弁天
1189-02,抜弁天,1189,抜弁天
1190-01,根ヶ布,1190,根ヶ布
1190-02,根ヶ布,1190,根ヶ布
1191-01,根津駅前,1191,根津駅前
1191-02,根津駅前,1191,根津駅前
1191-03,根津駅前,1191,根津駅前
1191-04,根津駅前,1191,根津駅前
1192-01,根津神社入口,1192,根津神社入口
1192-02,根津神社入口,1192,根津神社入口
1197-01,練馬車庫前,1197,練馬車庫前
1197-02,練馬車庫前,1197,練馬車庫前
1197-03,練馬車庫前,1197,練馬車庫前
1197-04,練馬車庫前,1197,練馬車庫前
1199-01,青梅総合高校入口,1199,青梅総合高校入口
1199-02,青梅総合高校入口,1199,青梅総合高校入口
1200-01,青梅総合高校前,1200,青梅総合高校前
1200-02,青梅総合高校前,1200,青梅総合高校前
1201-01,野方駅北口,1201,野方駅北口
1201-02,野方駅北口,1201,野方駅北口
1202-01,野方駅南口,1202,野方駅南口
1202-02,野方駅南口,1202,野方駅南口
1203-01,野方二丁目,1203,野方二丁目
1203-02,野方二丁目,1203,野方二丁目
1204-01,野上,1204,野上
1204-02,野上,1204,野上
1207-01,萩の尾薬師堂前,1207,萩の尾薬師堂前
1207-02,萩の尾薬師堂前,1207,萩の尾薬師堂前
1208-01,白山上,1208,白山上
1208-02,白山上,1208,白山上
1211-01,白山二丁目,1211,白山二丁目
1211-02,白山二丁目,1211,白山二丁目
1212-01,白山五丁目,1212,白山五丁目
1212-02,白山五丁目,1212,白山五丁目
1214-03,箱根ヶ崎,1214,箱根ヶ崎
1214-04,箱根ヶ崎,1214,箱根ヶ崎
1215-03,箱根ヶ崎駅前,1215,箱根ヶ崎駅前
1215-04,箱根ヶ崎駅前,1215,箱根ヶ崎駅前
1216-01,羽沢,1216,羽沢
1216-02,羽沢,1216,羽沢
1218-01,橋場二丁目,1218,橋場二丁目
1218-02,橋場二丁目,1218,橋場二丁目
1219-01,幡ヶ谷駅前,1219,幡ヶ谷駅前
1219-02,幡ヶ谷駅前,1219,幡ヶ谷駅前
1220-01,幡ヶ谷原町,1220,幡ヶ谷原町
1220-02,幡ヶ谷原町,1220,幡ヶ谷原町
1221-01,畑中三丁目,1221,畑中三丁目
1221-02,畑中三丁目,1221,畑中三丁目
1222-01,畑中公会堂前,1222,畑中公会堂前
1222-02,畑中公会堂前,1222,畑中公会堂前
1223-01,幡代,1223,幡代
1223-02,幡代,1223,幡代
1224-01,八枝橋,1224,八枝橋
1224-02,八枝橋,1224,八枝橋
1227-01,八幡下,1227,八幡下
1227-02,八幡下,1227,八幡下
1228-01,八幡神社前,1228,八幡神社前
1228-02,八幡神社前,1228,八幡神社前
1229-01,新国立劇場前,1229,新国立劇場前
1229-02,新国立劇場前,1229,新国立劇場前
1230-01,初台坂上,1230,初台坂上
1230-02,初台坂上,1230,初台坂上
1231-01,初台坂下,1231,初台坂下
1231-02,初台坂下,1231,初台坂下
1232-01,八丁堀二丁目,1232,八丁堀二丁目
1232-02,八丁堀二丁目,1232,八丁堀二丁目
1232-03,八丁堀二丁目,1232,八丁堀二丁目
1232-04,八丁堀二丁目,1232,八丁堀二丁目
1233-01,花川戸,1233,花川戸
1233-02,花川戸,1233,花川戸
1234-01,花小金井六丁目,1234,花小金井六丁目
1234-02,花小金井六丁目,1234,花小金井六丁目
1235-01,花園町,1235,花園町
1235-02,花園町,1235,花園町
1236-01,浜町中の橋,1236,浜町中の橋
1236-02,浜町中の橋,1236,浜町中の橋
1236-03,浜町中の橋,1236,浜町中の橋
1237-01,浜町二丁目,1237,浜町二丁目
1237-02,浜町二丁目,1237,浜町二丁目
1238-01,浜松町駅前,1238,浜松町駅前
1238-02,浜松町駅前,1238,浜松町駅前
1239-01,浜離宮前,1239,浜離宮前
1241-01,原宿駅前,1241,原宿駅前
1241-02,原宿駅前,1241,原宿駅前
1242-01,原山,1242,原山
1242-02,原山,1242,原山
1243-01,春江団地前,1243,春江団地前
1243-02,春江団地前,1243,春江団地前
1246-03,春江町四丁目,1246,春江町四丁目
1246-04,春江町四丁目,1246,春江町四丁目
1247-01,春江町五丁目,1247,春江町五丁目
1247-02,春江町五丁目,1247,春江町五丁目
1248-01,晴海区民館前,1248,晴海区民館前
1248-02,晴海区民館前,1248,晴海区民館前
1249-01,晴海埠頭,1249,晴海埠頭
1249-03,晴海埠頭,1249,晴海埠頭
1249-04,晴海埠頭,1249,晴海埠頭
1250-01,はるみらい前,1250,はるみらい前
1250-02,はるみらい前,1250,はるみらい前
1251-01,ホテルマリナーズコート東京前,1251,ホテルマリナーズコート東京前
1251-02,ホテルマリナーズコート東京前,1251,ホテルマリナーズコート東京前
1252-01,晴海一丁目,1252,晴海一丁目
1252-03,晴海一丁目,1252,晴海一丁目
1252-04,晴海一丁目,1252,晴海一丁目
1253-01,晴海三丁目,1253,晴海三丁目
1253-02,晴海三丁目,1253,晴海三丁目
1253-03,晴海三丁目,1253,晴海三丁目
1254-01,半蔵門,1254,半蔵門
1254-02,半蔵門,1254,半蔵門
1255-01,梅郷,1255,梅郷
1255-02,梅郷,1255,梅郷
1256-01,馬喰町,1256,馬喰町
1256-02,馬喰町,1256,馬喰町
1256-03,馬喰町,1256,馬喰町
1258-01,馬場下町,1258,馬場下町
1258-02,馬場下町,1258,馬場下町
1258-03,馬場下町,1258,馬場下町
1258-04,馬場下町,1258,馬場下町
1258-05,馬場下町,1258,馬場下町
1259-01,番町,1259,番町
1259-02,番町,1259,番町
1261-01,稲荷神社前,1261,稲荷神社前(いなりじんじゃまえ（おうめし）)
1261-02,稲荷神社前,1261,稲荷神社前(いなりじんじゃまえ（おうめし）)
1262-01,東浅草一丁目,1262,東浅草一丁目
1262-02,東浅草一丁目,1262,東浅草一丁目
1263-01,東麻布一丁目,1263,東麻布一丁目
1263-02,東麻布一丁目,1263,東麻布一丁目
1264-01,東池袋一丁目,1264,東池袋一丁目
1264-02,東池袋一丁目,1264,東池袋一丁目
1266-01,東池袋四丁目,1266,東池袋四丁目
1266-02,東池袋四丁目,1266,東池袋四丁目
1267-01,東上野一丁目,1267,東上野一丁目
1267-02,東上野一丁目,1267,東上野一丁目
1268-01,東上野六丁目,1268,東上野六丁目
1268-02,東上野六丁目,1268,東上野六丁目
1269-01,東青梅,1269,東青梅
1269-02,東青梅,1269,東青梅
1270-01,東青梅駅前,1270,東青梅駅前
1270-02,東青梅駅前,1270,東青梅駅前
1271-01,東青梅三丁目,1271,東青梅三丁目
1271-02,東青梅三丁目,1271,東青梅三丁目
1272-01,東青梅五丁目,1272,東青梅五丁目
1272-02,東青梅五丁目,1272,東青梅五丁目
1273-01,東大島駅前,1273,東大島駅前
1273-02,東大島駅前,1273,東大島駅前
1273-05,東大島駅前,1273,東大島駅前
1273-06,東大島駅前,1273,東大島駅前
1273-07,東大島駅前,1273,東大島駅前
1273-08,東大島駅前,1273,東大島駅前
1274-01,東尾久五丁目,1274,東尾久五丁目
1275-01,東尾久六丁目,1275,東尾久六丁目
1275-02,東尾久六丁目,1275,東尾久六丁目
1276-01,東神田,1276,東神田
1276-02,東神田,1276,東神田
1277-01,東高円寺駅前,1277,東高円寺駅前
1277-02,東高円寺駅前,1277,東高円寺駅前
1278-01,東駒形一丁目,1278,東駒形一丁目
1278-02,東駒形一丁目,1278,東駒形一丁目
1279-01,東小松川小学校前,1279,東小松川小学校前
1279-02,東小松川小学校前,1279,東小松川小学校前
1280-01,東小松川一丁目,1280,東小松川一丁目
1280-02,東小松川一丁目,1280,東小松川一丁目
1280-03,東小松川一丁目,1280,東小松川一丁目
1280-04,東小松川一丁目,1280,東小松川一丁目
1281-01,東小松川二丁目,1281,東小松川二丁目
1281-02,東小松川二丁目,1281,東小松川二丁目
1282-01,東五軒町,1282,東五軒町
1282-02,東五軒町,1282,東五軒町
1283-01,東五反田三丁目,1283,東五反田三丁目
1283-02,東五反田三丁目,1283,東五反田三丁目
1284-01,東品川ゆうゆうプラザ前,1284,東品川ゆうゆうプラザ前
1285-01,東品川橋,1285,東品川橋
1286-01,東品川一丁目,1286,東品川一丁目
1286-02,東品川一丁目,1286,東品川一丁目
1287-01,東品川三丁目,1287,東品川三丁目
1287-02,東品川三丁目,1287,東品川三丁目
1287-03,東品川三丁目,1287,東品川三丁目
1288-01,東品川五丁目,1288,東品川五丁目
1289-01,東新小岩一丁目,1289,東新小岩一丁目
1289-02,東新小岩一丁目,1289,東新小岩一丁目
1290-01,東新小岩三丁目,1290,東新小岩三丁目
1290-02,東新小岩三丁目,1290,東新小岩三丁目
1291-01,東新小岩四丁目,1291,東新小岩四丁目
1291-02,東新小岩四丁目,1291,東新小岩四丁目
1292-01,東十条四丁目,1292,東十条四丁目
1292-02,東十条四丁目,1292,東十条四丁目
1293-01,東砂二丁目,1293,東砂二丁目
1293-02,東砂二丁目,1293,東砂二丁目
1294-01,東砂三丁目,1294,東砂三丁目
1294-02,東砂三丁目,1294,東砂三丁目
1295-01,東砂四丁目,1295,東砂四丁目
1295-02,東砂四丁目,1295,東砂四丁目
1296-01,東砂五丁目,1296,東砂五丁目
1296-02,東砂五丁目,1296,東砂五丁目
1297-01,東砂六丁目,1297,東砂六丁目
1297-02,東砂六丁目,1297,東砂六丁目
1297-03,東砂六丁目,1297,東砂六丁目
1299-01,東墨田一丁目,1299,東墨田一丁目
1299-02,東墨田一丁目,1299,東墨田一丁目
1300-01,東墨田二丁目,1300,東墨田二丁目
1300-02,東墨田二丁目,1300,東墨田二丁目
1301-01,東墨田三丁目,1301,東墨田三丁目
1301-02,東墨田三丁目,1301,東墨田三丁目
1306-01,東長岡,1306,東長岡
1306-02,東長岡,1306,東長岡
1307-01,東長崎駅通り,1307,東長崎駅通り
1308-01,東日暮里三丁目,1308,東日暮里三丁目
1308-02,東日暮里三丁目,1308,東日暮里三丁目
1308-03,東日暮里三丁目,1308,東日暮里三丁目
1308-04,東日暮里三丁目,1308,東日暮里三丁目
1309-01,東日暮里四丁目,1309,東日暮里四丁目
1309-02,東日暮里四丁目,1309,東日暮里四丁目
1310-01,東日暮里五丁目,1310,東日暮里五丁目
1310-02,東日暮里五丁目,1310,東日暮里五丁目
1311-01,東日本橋駅前,1311,東日本橋駅前
1316-01,東向島広小路,1316,東向島広小路
1316-02,東向島広小路,1316,東向島広小路
1316-03,東向島広小路,1316,東向島広小路
1316-04,東向島広小路,1316,東向島広小路
1317-01,東向島一丁目,1317,東向島一丁目
1317-02,東向島一丁目,1317,東向島一丁目
1318-01,東向島五丁目,1318,東向島五丁目
1318-02,東向島五丁目,1318,東向島五丁目
1319-01,東向島六丁目,1319,東向島六丁目
1319-02,東向島六丁目,1319,東向島六丁目
1320-01,東山町,1320,東山町
1320-02,東山町,1320,東山町
1321-01,東大和市駅前,1321,東大和市駅前
1321-02,東大和市駅前,1321,東大和市駅前
1322-01,東二丁目,1322,東二丁目
1322-02,東二丁目,1322,東二丁目
1323-01,東四丁目,1323,東四丁目
1323-02,東四丁目,1323,東四丁目
1323-03,東四丁目,1323,東四丁目
1324-01,久松町,1324,久松町
1325-01,一口坂,1325,一口坂
1325-02,一口坂,1325,一口坂
1326-01,一ツ橋,1326,一ツ橋
1326-02,一ツ橋,1326,一ツ橋
1332-01,海岸二丁目,1332,海岸二丁目
1332-02,海岸二丁目,1332,海岸二丁目
1336-06,日比谷,1336,日比谷
1336-07,日比谷,1336,日比谷
1339-01,百花園前,1339,百花園前
1339-02,百花園前,1339,百花園前
1340-01,白金台駅前,1340,白金台駅前
1340-02,白金台駅前,1340,白金台駅前
1341-01,平井駅前,1341,平井駅前
1341-02,平井駅前,1341,平井駅前
1341-05,平井駅前,1341,平井駅前
1342-03,平井駅南口,1342,平井駅南口
1343-01,平井小学校前,1343,平井小学校前
1343-02,平井小学校前,1343,平井小学校前
1344-01,平井操車所,1344,平井操車所
1344-02,平井操車所,1344,平井操車所
1345-01,平井都営アパート前,1345,平井都営アパート前
1346-01,平井西袋,1346,平井西袋
1346-02,平井西袋,1346,平井西袋
1348-01,平井二丁目,1348,平井二丁目
1349-01,平井六丁目,1349,平井六丁目
1349-02,平井六丁目,1349,平井六丁目
1350-01,平井七丁目,1350,平井七丁目
1350-02,平井七丁目,1350,平井七丁目
1351-01,平井七丁目北公園前,1351,平井七丁目北公園前
1351-02,平井七丁目北公園前,1351,平井七丁目北公園前
1353-01,平河町二丁目,1353,平河町二丁目
1353-02,平河町二丁目,1353,平河町二丁目
1354-01,平野一丁目,1354,平野一丁目
1354-02,平野一丁目,1354,平野一丁目
1355-01,平松,1355,平松
1355-02,平松,1355,平松
1356-01,広尾高校前,1356,広尾高校前
1356-02,広尾高校前,1356,広尾高校前
1357-01,広尾駅前（広尾橋）,1357,広尾駅前（広尾橋）
1357-02,広尾駅前（広尾橋）,1357,広尾駅前（広尾橋）
1357-03,広尾駅前（広尾橋）,1357,広尾駅前（広尾橋）
1358-08,広尾病院前,1358,広尾病院前
1358-09,広尾病院前,1358,広尾病院前
1359-01,広尾一丁目,1359,広尾一丁目
1359-02,広尾一丁目,1359,広尾一丁目
1361-01,深川車庫入口,1361,深川車庫入口
1361-02,深川車庫入口,1361,深川車庫入口
1361-03,深川車庫入口,1361,深川車庫入口
1362-02,深川車庫前,1362,深川車庫前
1362-03,深川車庫前,1362,深川車庫前
1362-04,深川車庫前,1362,深川車庫前
1363-01,深川第八中学校前,1363,深川第八中学校前
1363-02,深川第八中学校前,1363,深川第八中学校前
1364-02,深川一丁目,1364,深川一丁目
1364-03,深川一丁目,1364,深川一丁目
1364-04,深川一丁目,1364,深川一丁目
1365-01,深川二丁目,1365,深川二丁目
1365-02,深川二丁目,1365,深川二丁目
1365-03,深川二丁目,1365,深川二丁目
1365-04,深川二丁目,1365,深川二丁目
1368-01,吹上,1368,吹上
1368-02,吹上,1368,吹上
1370-01,福島橋,1370,福島橋
1370-02,福島橋,1370,福島橋
1371-01,福神橋,1371,福神橋
1371-02,福神橋,1371,福神橋
1373-01,富士見町都営住宅前,1373,富士見町都営住宅前
1373-02,富士見町都営住宅前,1373,富士見町都営住宅前
1375-01,埠頭通り,1375,埠頭通り
1376-01,不動尊前,1376,不動尊前
1376-02,不動尊前,1376,不動尊前
1377-01,船堀小学校前,1377,船堀小学校前
1377-02,船堀小学校前,1377,船堀小学校前
1378-01,船堀中組,1378,船堀中組
1378-02,船堀中組,1378,船堀中組
1380-01,古川橋,1380,古川橋
1380-02,古川橋,1380,古川橋
1380-03,古川橋,1380,古川橋
1380-04,古川橋,1380,古川橋
1382-01,文花二丁目,1382,文花二丁目
1382-02,文花二丁目,1382,文花二丁目
1383-01,文花三丁目,1383,文花三丁目
1383-02,文花三丁目,1383,文花三丁目
1384-01,春日駅前,1384,春日駅前
1384-02,春日駅前,1384,春日駅前
1384-03,春日駅前,1384,春日駅前
1384-04,春日駅前,1384,春日駅前
1385-01,成木五丁目自治会館前,1385,成木五丁目自治会館前
1385-02,成木五丁目自治会館前,1385,成木五丁目自治会館前
1387-01,放水路土手下,1387,放水路土手下
1387-02,放水路土手下,1387,放水路土手下
1388-01,宝仙寺前,1388,宝仙寺前
1388-02,宝仙寺前,1388,宝仙寺前
1389-01,放送センター西口,1389,放送センター西口
1390-01,方南八幡通り,1390,方南八幡通り
1390-02,方南八幡通り,1390,方南八幡通り
1391-01,保木間,1391,保木間
1391-02,保木間,1391,保木間
1392-01,保木間仲通り,1392,保木間仲通り
1392-02,保木間仲通り,1392,保木間仲通り
1392-03,保木間仲通り,1392,保木間仲通り
1392-04,保木間仲通り,1392,保木間仲通り
1393-01,保木間一丁目,1393,保木間一丁目
1393-02,保木間一丁目,1393,保木間一丁目
1394-01,堀江団地,1394,堀江団地
1394-02,堀江団地,1394,堀江団地
1394-03,堀江団地,1394,堀江団地
1394-04,堀江団地,1394,堀江団地
1395-01,堀江団地入口,1395,堀江団地入口
1395-02,堀江団地入口,1395,堀江団地入口
1397-01,堀留町,1397,堀留町
1398-01,堀ノ内,1398,堀ノ内
1398-02,堀ノ内,1398,堀ノ内
1398-03,堀ノ内,1398,堀ノ内
1399-01,杏林大学杉並病院前,1399,杏林大学杉並病院前
1399-02,杏林大学杉並病院前,1399,杏林大学杉並病院前
1400-01,梶原,1400,梶原
1400-02,梶原,1400,梶原
1401-01,堀船,1401,堀船
1401-02,堀船,1401,堀船
1402-01,堀割,1402,堀割
1402-02,堀割,1402,堀割
1403-01,本一色,1403,本一色
1403-02,本一色,1403,本一色
1404-01,本駒込二丁目,1404,本駒込二丁目
1404-02,本駒込二丁目,1404,本駒込二丁目
1405-03,本駒込三丁目,1405,本駒込三丁目
1405-04,本駒込三丁目,1405,本駒込三丁目
1406-01,本駒込四丁目,1406,本駒込四丁目
1406-02,本駒込四丁目,1406,本駒込四丁目
1407-01,本駒込六丁目,1407,本駒込六丁目
1407-02,本駒込六丁目,1407,本駒込六丁目
1408-01,本郷追分,1408,本郷追分
1408-02,本郷追分,1408,本郷追分
1409-01,本郷二丁目,1409,本郷二丁目
1409-02,本郷二丁目,1409,本郷二丁目
1410-01,本郷三丁目駅前,1410,本郷三丁目駅前
1410-02,本郷三丁目駅前,1410,本郷三丁目駅前
1410-03,本郷三丁目駅前,1410,本郷三丁目駅前
1410-04,本郷三丁目駅前,1410,本郷三丁目駅前
1411-01,本郷六丁目,1411,本郷六丁目
1411-02,本郷六丁目,1411,本郷六丁目
1414-01,本所吾妻橋,1414,本所吾妻橋
1414-02,本所吾妻橋,1414,本所吾妻橋
1414-03,本所吾妻橋,1414,本所吾妻橋
1414-04,本所吾妻橋,1414,本所吾妻橋
1414-05,本所吾妻橋,1414,本所吾妻橋
1414-06,本所吾妻橋,1414,本所吾妻橋
1415-01,東駒形三丁目,1415,東駒形三丁目
1415-02,東駒形三丁目,1415,東駒形三丁目
1416-01,本所一丁目,1416,本所一丁目
1416-02,本所一丁目,1416,本所一丁目
1416-03,本所一丁目,1416,本所一丁目
1416-04,本所一丁目,1416,本所一丁目
1416-05,本所一丁目,1416,本所一丁目
1417-01,本所二丁目,1417,本所二丁目
1417-02,本所二丁目,1417,本所二丁目
1418-01,本所四丁目,1418,本所四丁目
1418-02,本所四丁目,1418,本所四丁目
1418-03,本所四丁目,1418,本所四丁目
1418-04,本所四丁目,1418,本所四丁目
1419-01,本町三丁目,1419,本町三丁目(ほんちょうさんちょうめ（ちゅうおうく）)
1419-02,本町三丁目,1419,本町三丁目(ほんちょうさんちょうめ（ちゅうおうく）)
1421-01,本町六丁目,1421,本町六丁目
1421-02,本町六丁目,1421,本町六丁目
1422-01,葛飾警察署前,1422,葛飾警察署前
1422-02,葛飾警察署前,1422,葛飾警察署前
1424-01,棒茅場,1424,棒茅場
1424-02,棒茅場,1424,棒茅場
1425-01,墓地下,1425,墓地下
1425-02,墓地下,1425,墓地下
1429-01,真砂坂上,1429,真砂坂上
1429-02,真砂坂上,1429,真砂坂上
1430-01,町屋駅前,1430,町屋駅前
1430-02,町屋駅前,1430,町屋駅前
1431-01,町屋一丁目,1431,町屋一丁目
1431-02,町屋一丁目,1431,町屋一丁目
1432-01,町屋三丁目,1432,町屋三丁目
1432-02,町屋三丁目,1432,町屋三丁目
1432-03,町屋三丁目,1432,町屋三丁目
1433-01,松江,1433,松江
1433-03,松江,1433,松江
1433-04,松江,1433,松江
1433-05,松江,1433,松江
1434-01,松江第一中学校前,1434,松江第一中学校前
1434-02,松江第一中学校前,1434,松江第一中学校前
1435-01,松島三丁目,1435,松島三丁目
1435-02,松島三丁目,1435,松島三丁目
1437-01,松原,1437,松原
1437-02,松原,1437,松原
1438-01,代田六丁目,1438,代田六丁目
1438-02,代田六丁目,1438,代田六丁目
1440-01,万世橋,1440,万世橋
1440-02,万世橋,1440,万世橋
1441-01,万年橋,1441,万年橋
1441-02,万年橋,1441,万年橋
1442-01,三河島駅前,1442,三河島駅前
1442-02,三河島駅前,1442,三河島駅前
1444-01,三筋二丁目,1444,三筋二丁目
1444-02,三筋二丁目,1444,三筋二丁目
1445-01,一之江駅前,1445,一之江駅前
1445-02,一之江駅前,1445,一之江駅前
1445-03,一之江駅前,1445,一之江駅前
1445-05,一之江駅前,1445,一之江駅前
1445-07,一之江駅前,1445,一之江駅前
1445-08,一之江駅前,1445,一之江駅前
1446-01,瑞江中学校前,1446,瑞江中学校前
1447-01,瑞穂第一小学校前,1447,瑞穂第一小学校前
1447-02,瑞穂第一小学校前,1447,瑞穂第一小学校前
1448-01,瑞穂町役場入口,1448,瑞穂町役場入口
1448-02,瑞穂町役場入口,1448,瑞穂町役場入口
1450-01,御楯橋,1450,御楯橋
1450-02,御楯橋,1450,御楯橋
1453-01,三田五丁目,1453,三田五丁目
1453-02,三田五丁目,1453,三田五丁目
1454-01,三ツ木,1454,三ツ木
1454-02,三ツ木,1454,三ツ木
1455-01,三ツ木薬師前,1455,三ツ木薬師前
1455-02,三ツ木薬師前,1455,三ツ木薬師前
1458-03,緑一丁目,1458,緑一丁目
1458-04,緑一丁目,1458,緑一丁目
1458-05,緑一丁目,1458,緑一丁目
1458-06,緑一丁目,1458,緑一丁目
1459-01,緑二丁目,1459,緑二丁目
1459-02,緑二丁目,1459,緑二丁目
1460-01,緑三丁目,1460,緑三丁目
1460-02,緑三丁目,1460,緑三丁目
1460-03,緑三丁目,1460,緑三丁目
1460-04,緑三丁目,1460,緑三丁目
1462-02,海岸通り,1462,海岸通り
1464-01,湊三丁目,1464,湊三丁目
1464-02,湊三丁目,1464,湊三丁目
1466-01,南青山二丁目,1466,南青山二丁目
1466-02,南青山二丁目,1466,南青山二丁目
1467-02,南青山五丁目,1467,南青山五丁目
1468-01,南青山六丁目,1468,南青山六丁目
1468-02,南青山六丁目,1468,南青山六丁目
1469-01,南青山七丁目,1469,南青山七丁目
1469-02,南青山七丁目,1469,南青山七丁目
1469-03,南青山七丁目,1469,南青山七丁目
1469-04,南青山七丁目,1469,南青山七丁目
1470-01,南池袋三丁目,1470,南池袋三丁目
1470-02,南池袋三丁目,1470,南池袋三丁目
1470-03,南池袋三丁目,1470,南池袋三丁目
1471-01,南大塚一丁目,1471,南大塚一丁目
1471-02,南大塚一丁目,1471,南大塚一丁目
1472-01,南葛西小学校前,1472,南葛西小学校前
1472-02,南葛西小学校前,1472,南葛西小学校前
1473-01,南品川二丁目,1473,南品川二丁目
1474-01,南砂一丁目,1474,南砂一丁目
1474-02,南砂一丁目,1474,南砂一丁目
1475-01,江東運転免許試験場前,1475,江東運転免許試験場前
1475-02,江東運転免許試験場前,1475,江東運転免許試験場前
1476-01,南砂三丁目,1476,南砂三丁目
1476-02,南砂三丁目,1476,南砂三丁目
1477-07,南砂六丁目,1477,南砂六丁目
1477-08,南砂六丁目,1477,南砂六丁目
1478-01,南千住車庫前,1478,南千住車庫前
1478-02,南千住車庫前,1478,南千住車庫前
1479-01,隅田川貨物駅前,1479,隅田川貨物駅前
1479-02,隅田川貨物駅前,1479,隅田川貨物駅前
1480-01,南千住三丁目,1480,南千住三丁目
1480-02,南千住三丁目,1480,南千住三丁目
1481-01,南千住六丁目,1481,南千住六丁目
1481-02,南千住六丁目,1481,南千住六丁目
1482-01,南千住八丁目,1482,南千住八丁目
1482-02,南千住八丁目,1482,南千住八丁目
1483-01,南高橋,1483,南高橋
1485-01,南常盤台,1485,南常盤台
1485-02,南常盤台,1485,南常盤台
1486-01,南長崎二丁目,1486,南長崎二丁目
1486-02,南長崎二丁目,1486,南長崎二丁目
1486-03,南長崎二丁目,1486,南長崎二丁目
1487-01,南長崎三丁目,1487,南長崎三丁目
1487-02,南長崎三丁目,1487,南長崎三丁目
1488-01,南長崎五丁目,1488,南長崎五丁目
1489-01,南長崎六丁目,1489,南長崎六丁目
1489-02,南長崎六丁目,1489,南長崎六丁目
1490-01,南初台,1490,南初台
1490-02,南初台,1490,南初台
1491-01,南馬場,1491,南馬場
1492-01,峰,1492,峰
1492-02,峰,1492,峰
1493-01,三ノ輪駅前,1493,三ノ輪駅前
1493-02,三ノ輪駅前,1493,三ノ輪駅前
1494-01,三ノ輪橋,1494,三ノ輪橋
1494-02,三ノ輪橋,1494,三ノ輪橋
1495-01,三ノ輪二丁目,1495,三ノ輪二丁目
1495-02,三ノ輪二丁目,1495,三ノ輪二丁目
1495-03,三ノ輪二丁目,1495,三ノ輪二丁目
1495-04,三ノ輪二丁目,1495,三ノ輪二丁目
1497-01,宮城小学校前,1497,宮城小学校前
1497-02,宮城小学校前,1497,宮城小学校前
1498-01,宮城都営住宅前,1498,宮城都営住宅前
1498-02,宮城都営住宅前,1498,宮城都営住宅前
1499-01,宮城土手上,1499,宮城土手上
1499-02,宮城土手上,1499,宮城土手上
1500-02,宮城二丁目,1500,宮城二丁目
1500-03,宮城二丁目,1500,宮城二丁目
1500-04,宮城二丁目,1500,宮城二丁目
1501-01,三宅坂,1501,三宅坂
1501-02,三宅坂,1501,三宅坂
1501-03,三宅坂,1501,三宅坂
1502-01,都橋住宅前,1502,都橋住宅前
1502-02,都橋住宅前,1502,都橋住宅前
1504-01,宮下公園,1504,宮下公園
1507-01,茗荷谷駅前,1507,茗荷谷駅前
1507-02,茗荷谷駅前,1507,茗荷谷駅前
1508-01,妙光院,1508,妙光院
1508-02,妙光院,1508,妙光院
1510-01,東京都現代美術館前,1510,東京都現代美術館前
1510-02,東京都現代美術館前,1510,東京都現代美術館前
1511-01,向丘一丁目,1511,向丘一丁目
1511-02,向丘一丁目,1511,向丘一丁目
1512-01,向丘二丁目,1512,向丘二丁目
1512-02,向丘二丁目,1512,向丘二丁目
1513-01,向島二丁目,1513,向島二丁目
1513-02,向島二丁目,1513,向島二丁目
1514-01,向島五丁目,1514,向島五丁目
1514-02,向島五丁目,1514,向島五丁目
1515-01,向原,1515,向原
1515-02,向原,1515,向原
1516-01,武蔵大学前,1516,武蔵大学前
1516-02,武蔵大学前,1516,武蔵大学前
1517-01,武蔵野病院前,1517,武蔵野病院前
1517-02,武蔵野病院前,1517,武蔵野病院前
1518-01,武蔵村山市役所前,1518,武蔵村山市役所前
1518-02,武蔵村山市役所前,1518,武蔵村山市役所前
1519-01,室町三丁目,1519,室町三丁目
1519-02,室町三丁目,1519,室町三丁目
1520-01,明治学院前,1520,明治学院前
1520-02,明治学院前,1520,明治学院前
1520-03,明治学院前,1520,明治学院前
1520-04,明治学院前,1520,明治学院前
1521-01,明治公園前,1521,明治公園前
1521-02,明治公園前,1521,明治公園前
1522-01,明治通り,1522,明治通り
1522-02,明治通り,1522,明治通り
1523-01,明治橋,1523,明治橋
1523-02,明治橋,1523,明治橋
1526-01,目黒駅前,1526,目黒駅前
1526-02,目黒駅前,1526,目黒駅前
1526-03,目黒駅前,1526,目黒駅前
1529-01,目白駅前,1529,目白駅前
1529-02,目白駅前,1529,目白駅前
1529-03,目白駅前,1529,目白駅前
1529-04,目白駅前,1529,目白駅前
1529-05,目白駅前,1529,目白駅前
1529-07,目白駅前,1529,目白駅前
1529-15,目白駅前,1529,目白駅前
1530-01,目白警察署前,1530,目白警察署前
1530-02,目白警察署前,1530,目白警察署前
1531-01,目白台三丁目,1531,目白台三丁目
1531-02,目白台三丁目,1531,目白台三丁目
1532-01,目白五丁目,1532,目白五丁目
1532-02,目白五丁目,1532,目白五丁目
1533-01,毛利二丁目,1533,毛利二丁目
1533-02,毛利二丁目,1533,毛利二丁目
1534-01,藻塩橋,1534,藻塩橋
1534-02,藻塩橋,1534,藻塩橋
1535-01,新御徒町駅前,1535,新御徒町駅前
1535-02,新御徒町駅前,1535,新御徒町駅前
1536-01,元浅草三丁目,1536,元浅草三丁目
1536-02,元浅草三丁目,1536,元浅草三丁目
1537-01,元麻布二丁目,1537,元麻布二丁目
1537-02,元麻布二丁目,1537,元麻布二丁目
1539-01,元八幡,1539,元八幡
1539-02,元八幡,1539,元八幡
1541-01,森下駅前,1541,森下駅前
1541-02,森下駅前,1541,森下駅前
1541-03,森下駅前,1541,森下駅前
1541-04,森下駅前,1541,森下駅前
1542-01,森下五丁目,1542,森下五丁目
1542-02,森下五丁目,1542,森下五丁目
1543-01,青梅消防署前,1543,青梅消防署前
1543-02,青梅消防署前,1543,青梅消防署前
1544-01,門前仲町,1544,門前仲町
1544-03,門前仲町,1544,門前仲町
1544-04,門前仲町,1544,門前仲町
1544-05,門前仲町,1544,門前仲町
1544-06,門前仲町,1544,門前仲町
1544-07,門前仲町,1544,門前仲町
1544-08,門前仲町,1544,門前仲町
1544-09,門前仲町,1544,門前仲町
1547-01,薬王寺町,1547,薬王寺町
1547-02,薬王寺町,1547,薬王寺町
1550-01,谷在家一丁目,1550,谷在家一丁目
1550-02,谷在家一丁目,1550,谷在家一丁目
1551-01,谷在家二丁目,1551,谷在家二丁目
1551-03,谷在家二丁目,1551,谷在家二丁目
1552-01,八千代橋,1552,八千代橋
1552-02,八千代橋,1552,八千代橋
1553-01,八ツ山橋,1553,八ツ山橋
1554-01,谷中,1554,谷中
1554-02,谷中,1554,谷中
1555-01,柳川,1555,柳川
1555-02,柳川,1555,柳川
1556-01,柳島,1556,柳島
1556-02,柳島,1556,柳島
1559-01,八広,1559,八広
1559-02,八広,1559,八広
1560-01,八広二丁目,1560,八広二丁目
1560-02,八広二丁目,1560,八広二丁目
1560-03,八広二丁目,1560,八広二丁目
1561-01,八広四丁目,1561,八広四丁目
1561-02,八広四丁目,1561,八広四丁目
1562-01,八広六丁目,1562,八広六丁目
1562-02,八広六丁目,1562,八広六丁目
1563-01,大和操車所前,1563,大和操車所前
1563-02,大和操車所前,1563,大和操車所前
1564-01,大和町,1564,大和町
1564-02,大和町,1564,大和町
1565-01,東大和病院前,1565,東大和病院前
1565-02,東大和病院前,1565,東大和病院前
1566-01,山吹町,1566,山吹町
1566-02,山吹町,1566,山吹町
1567-01,山伏町,1567,山伏町
1567-02,山伏町,1567,山伏町
1568-01,弥生町,1568,弥生町
1568-02,弥生町,1568,弥生町
1570-01,有楽町駅前,1570,有楽町駅前
1570-02,有楽町駅前,1570,有楽町駅前
1572-01,柚木,1572,柚木
1572-02,柚木,1572,柚木
1573-01,湯島一丁目,1573,湯島一丁目
1574-01,湯島三丁目,1574,湯島三丁目
1574-02,湯島三丁目,1574,湯島三丁目
1575-01,湯島四丁目,1575,湯島四丁目
1575-02,湯島四丁目,1575,湯島四丁目
1576-01,湯立坂下,1576,湯立坂下
1576-02,湯立坂下,1576,湯立坂下
1577-01,夢の島,1577,夢の島
1577-02,夢の島,1577,夢の島
1578-01,横川橋,1578,横川橋
1578-02,横川橋,1578,横川橋
1579-01,横川三丁目,1579,横川三丁目
1579-02,横川三丁目,1579,横川三丁目
1579-03,横川三丁目,1579,横川三丁目
1580-01,横田,1580,横田
1580-02,横田,1580,横田
1582-01,吉野,1582,吉野
1582-02,吉野,1582,吉野
1584-01,吉野梅林,1584,吉野梅林
1584-02,吉野梅林,1584,吉野梅林
1585-01,吉原大門,1585,吉原大門
1585-02,吉原大門,1585,吉原大門
1586-01,余丁町,1586,余丁町
1586-02,余丁町,1586,余丁町
1587-01,よつぎ小学校前,1587,よつぎ小学校前
1587-02,よつぎ小学校前,1587,よつぎ小学校前
1588-01,四ツ木橋,1588,四ツ木橋
1588-02,四ツ木橋,1588,四ツ木橋
1589-01,四ツ木橋南詰,1589,四ツ木橋南詰
1589-02,四ツ木橋南詰,1589,四ツ木橋南詰
1590-02,四谷駅前,1590,四谷駅前
1590-03,四谷駅前,1590,四谷駅前
1592-01,四谷駅,1592,四谷駅
1592-02,四谷駅,1592,四谷駅
1593-02,四谷一丁目,1593,四谷一丁目
1593-03,四谷一丁目,1593,四谷一丁目
1594-01,四谷二丁目,1594,四谷二丁目
1594-03,四谷二丁目,1594,四谷二丁目
1595-02,四谷三丁目,1595,四谷三丁目
1595-03,四谷三丁目,1595,四谷三丁目
1595-04,四谷三丁目,1595,四谷三丁目
1596-01,四谷四丁目,1596,四谷四丁目
1596-02,四谷四丁目,1596,四谷四丁目
1596-03,四谷四丁目,1596,四谷四丁目
1597-01,代々木八幡駅入口,1597,代々木八幡駅入口
1597-02,代々木八幡駅入口,1597,代々木八幡駅入口
1598-01,高円寺陸橋,1598,高円寺陸橋
1598-02,高円寺陸橋,1598,高円寺陸橋
1598-03,高円寺陸橋,1598,高円寺陸橋
1598-04,高円寺陸橋,1598,高円寺陸橋
1599-01,竜泉,1599,竜泉
1599-02,竜泉,1599,竜泉
1599-03,竜泉,1599,竜泉
1601-01,両国駅前,1601,両国駅前
1601-02,両国駅前,1601,両国駅前
1602-01,旧安田庭園前,1602,旧安田庭園前
1603-01,両国四丁目,1603,両国四丁目
1604-01,両国駅入口,1604,両国駅入口
1605-01,鈴法寺跡,1605,鈴法寺跡
1605-02,鈴法寺跡,1605,鈴法寺跡
1606-01,六月町,1606,六月町
1606-02,六月町,1606,六月町
1607-01,六万公園前,1607,六万公園前
1607-02,六万公園前,1607,六万公園前
1608-01,六軒町,1608,六軒町
1608-02,六軒町,1608,六軒町
1609-01,六本木駅前,1609,六本木駅前
1609-02,六本木駅前,1609,六本木駅前
1609-03,六本木駅前,1609,六本木駅前
1610-04,六本木一丁目駅前,1610,六本木一丁目駅前
1610-05,六本木一丁目駅前,1610,六本木一丁目駅前
1611-06,六本木四丁目,1611,六本木四丁目
1611-07,六本木四丁目,1611,六本木四丁目
1612-01,六本木五丁目,1612,六本木五丁目
1612-02,六本木五丁目,1612,六本木五丁目
1613-03,EXシアター六本木前,1613,EXシアター六本木前
1613-04,EXシアター六本木前,1613,EXシアター六本木前
1617-01,若松町,1617,若松町
1617-02,若松町,1617,若松町
1617-03,若松町,1617,若松町
1617-04,若松町,1617,若松町
1618-01,早稲田,1618,早稲田
1618-03,早稲田,1618,早稲田
1618-04,早稲田,1618,早稲田
1618-19,早稲田,1618,早稲田
1619-01,和田町会館前,1619,和田町会館前
1619-02,和田町会館前,1619,和田町会館前
1620-01,和田堀橋,1620,和田堀橋
1620-02,和田堀橋,1620,和田堀橋
1622-01,２号バース前,1622,２号バース前
1622-02,２号バース前,1622,２号バース前
1624-01,４号バース前,1624,４号バース前
1624-02,４号バース前,1624,４号バース前
1625-01,５号バース前,1625,５号バース前
1626-01,６号バース前,1626,６号バース前
1626-02,６号バース前,1626,６号バース前
1801-01,仲町西組,1801,仲町西組
1801-02,仲町西組,1801,仲町西組
1801-03,仲町西組,1801,仲町西組
2000-04,上野松坂屋前,2000,上野松坂屋前
2000-06,上野松坂屋前,2000,上野松坂屋前
2000-07,上野松坂屋前,2000,上野松坂屋前
2000-08,上野松坂屋前,2000,上野松坂屋前
2000-10,上野松坂屋前,2000,上野松坂屋前
2001-01,新宿追分,2001,新宿追分
2001-02,新宿追分,2001,新宿追分
2003-01,塩浜東,2003,塩浜東
2003-02,塩浜東,2003,塩浜東
2005-01,京浜運河,2005,京浜運河
2006-01,上池袋四丁目,2006,上池袋四丁目
2006-02,上池袋四丁目,2006,上池袋四丁目
2009-01,白金台一丁目,2009,白金台一丁目
2009-02,白金台一丁目,2009,白金台一丁目
2010-01,品川警察署入口,2010,品川警察署入口
2010-02,品川警察署入口,2010,品川警察署入口
2011-01,品川総合福祉センター前,2011,品川総合福祉センター前
2011-02,品川総合福祉センター前,2011,品川総合福祉センター前
2012-01,八潮北,2012,八潮北
2013-01,八潮パークタウン,2013,八潮パークタウン
2013-02,八潮パークタウン,2013,八潮パークタウン
2014-01,八潮南,2014,八潮南
2015-01,大井消防署八潮出張所前,2015,大井消防署八潮出張所前
2016-01,八潮東,2016,八潮東
2017-01,八潮公園前,2017,八潮公園前
2019-01,白金台二丁目,2019,白金台二丁目
2019-02,白金台二丁目,2019,白金台二丁目
2021-01,東京ドームシティ,2021,東京ドームシティ
2021-02,東京ドームシティ,2021,東京ドームシティ
2024-01,築地五丁目,2024,築地五丁目
2025-01,国立代々木競技場前,2025,国立代々木競技場前
2025-02,国立代々木競技場前,2025,国立代々木競技場前
2028-01,とうきょうスカイツリー駅前,2028,とうきょうスカイツリー駅前
2028-02,とうきょうスカイツリー駅前,2028,とうきょうスカイツリー駅前
2028-03,とうきょうスカイツリー駅前,2028,とうきょうスカイツリー駅前
2030-01,総合レクリエーション公園前,2030,総合レクリエーション公園前
2030-02,総合レクリエーション公園前,2030,総合レクリエーション公園前
2031-01,葛西南高校入口,2031,葛西南高校入口
2031-02,葛西南高校入口,2031,葛西南高校入口
2032-01,船堀駅前,2032,船堀駅前
2032-02,船堀駅前,2032,船堀駅前
2032-03,船堀駅前,2032,船堀駅前
2032-04,船堀駅前,2032,船堀駅前
2032-05,船堀駅前,2032,船堀駅前
2032-06,船堀駅前,2032,船堀駅前
2033-05,商船三井本社ビル前,2033,商船三井本社ビル前
2033-06,商船三井本社ビル前,2033,商船三井本社ビル前
2034-01,新橋駅北口,2034,新橋駅北口
2034-02,新橋駅北口,2034,新橋駅北口
2036-01,新木場一丁目,2036,新木場一丁目
2037-01,新木場東,2037,新木場東
2038-01,東千石橋,2038,東千石橋
2039-01,新木場三丁目,2039,新木場三丁目
2040-01,新木場南,2040,新木場南
2041-01,新木場二丁目,2041,新木場二丁目
2042-01,とげぬき地蔵前,2042,とげぬき地蔵前
2042-02,とげぬき地蔵前,2042,とげぬき地蔵前
2043-01,江南中学校前,2043,江南中学校前
2044-01,みやぎ水再生センター前,2044,みやぎ水再生センター前
2046-01,明晴学園前,2046,明晴学園前
2046-02,明晴学園前,2046,明晴学園前
2052-01,神南一丁目,2052,神南一丁目
2061-01,中央卸売市場葛西市場前,2061,中央卸売市場葛西市場前
2061-02,中央卸売市場葛西市場前,2061,中央卸売市場葛西市場前
2062-01,葛西トラックターミナル,2062,葛西トラックターミナル
2062-02,葛西トラックターミナル,2062,葛西トラックターミナル
2065-01,清新町一丁目,2065,清新町一丁目
2065-02,清新町一丁目,2065,清新町一丁目
2066-01,清新町二丁目,2066,清新町二丁目
2066-02,清新町二丁目,2066,清新町二丁目
2067-01,清新ふたば小学校前,2067,清新ふたば小学校前
2067-02,清新ふたば小学校前,2067,清新ふたば小学校前
2080-01,葛西第二中学校前,2080,葛西第二中学校前
2080-02,葛西第二中学校前,2080,葛西第二中学校前
2080-03,葛西第二中学校前,2080,葛西第二中学校前
2080-04,葛西第二中学校前,2080,葛西第二中学校前
2081-01,新渡橋,2081,新渡橋
2081-02,新渡橋,2081,新渡橋
2082-01,宇喜田小学校,2082,宇喜田小学校
2082-02,宇喜田小学校,2082,宇喜田小学校
2083-01,宇喜田第一住宅,2083,宇喜田第一住宅
2083-02,宇喜田第一住宅,2083,宇喜田第一住宅
2084-01,葛西郵便局,2084,葛西郵便局
2084-02,葛西郵便局,2084,葛西郵便局
2085-01,第六葛西小学校前,2085,第六葛西小学校前
2085-02,第六葛西小学校前,2085,第六葛西小学校前
2086-01,向島消防署前,2086,向島消防署前
2086-02,向島消防署前,2086,向島消防署前
2087-01,西新井駅入口,2087,西新井駅入口
2090-01,ホテル椿山荘東京前,2090,ホテル椿山荘東京前
2091-01,港南四丁目,2091,港南四丁目
2091-02,港南四丁目,2091,港南四丁目
2092-01,法蓮寺,2092,法蓮寺
2092-02,法蓮寺,2092,法蓮寺
2097-01,勝島,2097,勝島
2097-02,勝島,2097,勝島
2101-01,辰巳三丁目,2101,辰巳三丁目
2101-02,辰巳三丁目,2101,辰巳三丁目
2102-01,東雲駅前,2102,東雲駅前
2102-02,東雲駅前,2102,東雲駅前
2102-03,東雲駅前,2102,東雲駅前
2103-01,東京ビッグサイト東棟前,2103,東京ビッグサイト東棟前
2103-02,東京ビッグサイト東棟前,2103,東京ビッグサイト東棟前
2109-01,臨海町一丁目,2109,臨海町一丁目
2109-02,臨海町一丁目,2109,臨海町一丁目
2110-01,コーシャハイム南葛西,2110,コーシャハイム南葛西
2110-02,コーシャハイム南葛西,2110,コーシャハイム南葛西
2110-03,コーシャハイム南葛西,2110,コーシャハイム南葛西
2111-01,葛西水再生センター前,2111,葛西水再生センター前
2112-01,北品川二丁目,2112,北品川二丁目
2112-02,北品川二丁目,2112,北品川二丁目
2114-01,橋場二丁目アパート前,2114,橋場二丁目アパート前
2115-01,橋場一丁目,2115,橋場一丁目
2116-02,浅草病院前,2116,浅草病院前
2117-01,桜橋中学校前,2117,桜橋中学校前
2118-01,リバーサイドスポーツセンター前,2118,リバーサイドスポーツセンター前
2118-02,リバーサイドスポーツセンター前,2118,リバーサイドスポーツセンター前
2119-01,今戸一丁目,2119,今戸一丁目
2120-01,清川一丁目,2120,清川一丁目
2121-01,清川清掃車庫前,2121,清川清掃車庫前
2122-01,新川,2122,新川
2122-02,新川,2122,新川
2123-01,東大和市役所入口,2123,東大和市役所入口
2123-02,東大和市役所入口,2123,東大和市役所入口
2126-01,慶友病院前,2126,慶友病院前
2126-02,慶友病院前,2126,慶友病院前
2127-01,新町小学校入口,2127,新町小学校入口
2127-02,新町小学校入口,2127,新町小学校入口
2128-01,青梅第六中学校前,2128,青梅第六中学校前
2128-02,青梅第六中学校前,2128,青梅第六中学校前
2129-01,太平二丁目,2129,太平二丁目
2129-02,太平二丁目,2129,太平二丁目
2130-01,新宿スポーツセンター入口,2130,新宿スポーツセンター入口
2130-02,新宿スポーツセンター入口,2130,新宿スポーツセンター入口
2132-01,大杉第二小学校前,2132,大杉第二小学校前
2132-02,大杉第二小学校前,2132,大杉第二小学校前
2133-01,大杉四丁目,2133,大杉四丁目
2133-02,大杉四丁目,2133,大杉四丁目
2134-01,松本弁天,2134,松本弁天
2134-02,松本弁天,2134,松本弁天
2135-01,松本児童遊園前,2135,松本児童遊園前
2135-02,松本児童遊園前,2135,松本児童遊園前
2137-01,上一色中学校前,2137,上一色中学校前
2137-02,上一色中学校前,2137,上一色中学校前
2138-01,上一色コミュニティセンター前,2138,上一色コミュニティセンター前
2138-02,上一色コミュニティセンター前,2138,上一色コミュニティセンター前
2139-01,上一色,2139,上一色
2139-02,上一色,2139,上一色
2140-01,小岩高校入口,2140,小岩高校入口
2140-02,小岩高校入口,2140,小岩高校入口
2141-01,新小岩四丁目,2141,新小岩四丁目
2141-02,新小岩四丁目,2141,新小岩四丁目
2144-01,有明一丁目,2144,有明一丁目
2144-02,有明一丁目,2144,有明一丁目
2145-01,臨海町三丁目,2145,臨海町三丁目
2145-02,臨海町三丁目,2145,臨海町三丁目
2145-03,臨海町三丁目,2145,臨海町三丁目
2146-01,中左近橋,2146,中左近橋
2146-02,中左近橋,2146,中左近橋
2146-04,中左近橋,2146,中左近橋
2147-01,富岡一丁目,2147,富岡一丁目(とみおかいっちょうめ（おうめし）)
2147-02,富岡一丁目,2147,富岡一丁目(とみおかいっちょうめ（おうめし）)
2149-01,高田馬場駅通り,2149,高田馬場駅通り
2149-02,高田馬場駅通り,2149,高田馬場駅通り
2150-01,平井五丁目,2150,平井五丁目
2151-01,足立第五中学校前,2151,足立第五中学校前
2151-02,足立第五中学校前,2151,足立第五中学校前
2152-01,大井埠頭バンプール前,2152,大井埠頭バンプール前
2153-01,大井シャシープール前,2153,大井シャシープール前
2153-02,大井シャシープール前,2153,大井シャシープール前
2154-01,八潮二丁目,2154,八潮二丁目
2154-02,八潮二丁目,2154,八潮二丁目
2154-03,八潮二丁目,2154,八潮二丁目
2155-01,ニチレイ前,2155,ニチレイ前
2155-02,ニチレイ前,2155,ニチレイ前
2155-03,ニチレイ前,2155,ニチレイ前
2156-01,セントラルビル前,2156,セントラルビル前
2156-02,セントラルビル前,2156,セントラルビル前
2157-01,鴻池運輸前,2157,鴻池運輸前
2157-02,鴻池運輸前,2157,鴻池運輸前
2158-01,丸全昭和前,2158,丸全昭和前
2158-02,丸全昭和前,2158,丸全昭和前
2160-01,臨海町四丁目,2160,臨海町四丁目
2160-02,臨海町四丁目,2160,臨海町四丁目
2161-01,大杉三丁目,2161,大杉三丁目
2161-02,大杉三丁目,2161,大杉三丁目
2162-01,住友ツインビル前,2162,住友ツインビル前
2162-02,住友ツインビル前,2162,住友ツインビル前
2163-01,南砂五丁目団地,2163,南砂五丁目団地
2163-02,南砂五丁目団地,2163,南砂五丁目団地
2164-01,南砂四丁目住宅,2164,南砂四丁目住宅
2164-02,南砂四丁目住宅,2164,南砂四丁目住宅
2165-01,福島橋南詰,2165,福島橋南詰
2165-02,福島橋南詰,2165,福島橋南詰
2166-01,南砂四丁目,2166,南砂四丁目
2166-02,南砂四丁目,2166,南砂四丁目
2167-01,南砂二丁目,2167,南砂二丁目
2167-02,南砂二丁目,2167,南砂二丁目
2169-01,東京ヘリポート前,2169,東京ヘリポート前
2170-01,南千石橋,2170,南千石橋
2171-01,フェリー埠頭入口,2171,フェリー埠頭入口
2172-01,冬木,2172,冬木
2172-02,冬木,2172,冬木
2179-01,東砂団地,2179,東砂団地
2179-02,東砂団地,2179,東砂団地
2180-01,東砂一丁目,2180,東砂一丁目
2180-02,東砂一丁目,2180,東砂一丁目
2181-01,北砂五丁目団地,2181,北砂五丁目団地
2181-02,北砂五丁目団地,2181,北砂五丁目団地
2182-01,月島第一小学校前,2182,月島第一小学校前
2184-01,南葛西中学校前,2184,南葛西中学校前
2184-02,南葛西中学校前,2184,南葛西中学校前
2184-03,南葛西中学校前,2184,南葛西中学校前
2184-04,南葛西中学校前,2184,南葛西中学校前
2185-01,有明コロシアム前,2185,有明コロシアム前
2186-01,豊島七丁目南,2186,豊島七丁目南
2186-02,豊島七丁目南,2186,豊島七丁目南
2187-01,新豊橋南,2187,新豊橋南
2187-02,新豊橋南,2187,新豊橋南
2188-01,臨海町五丁目,2188,臨海町五丁目
2188-02,臨海町五丁目,2188,臨海町五丁目
2189-01,葛西臨海公園駅前,2189,葛西臨海公園駅前
2189-02,葛西臨海公園駅前,2189,葛西臨海公園駅前
2189-03,葛西臨海公園駅前,2189,葛西臨海公園駅前
2189-04,葛西臨海公園駅前,2189,葛西臨海公園駅前
2189-05,葛西臨海公園駅前,2189,葛西臨海公園駅前
2191-01,霞ヶ丘,2191,霞ヶ丘
2191-02,霞ヶ丘,2191,霞ヶ丘
2191-03,霞ヶ丘,2191,霞ヶ丘
2192-01,尾竹橋,2192,尾竹橋
2192-02,尾竹橋,2192,尾竹橋
2196-01,臨海第一保育園前,2196,臨海第一保育園前
2197-01,臨海町二丁目団地前,2197,臨海町二丁目団地前
2197-02,臨海町二丁目団地前,2197,臨海町二丁目団地前
2197-03,臨海町二丁目団地前,2197,臨海町二丁目団地前
2198-03,大田市場北,2198,大田市場北
2199-01,水産棟前,2199,水産棟前
2200-01,大田市場,2200,大田市場
2200-02,大田市場,2200,大田市場
2203-01,白山三丁目,2203,白山三丁目
2203-02,白山三丁目,2203,白山三丁目
2204-01,浜園橋,2204,浜園橋
2204-02,浜園橋,2204,浜園橋
2205-01,平井七丁目第三アパート前,2205,平井七丁目第三アパート前
2205-02,平井七丁目第三アパート前,2205,平井七丁目第三アパート前
2205-03,平井七丁目第三アパート前,2205,平井七丁目第三アパート前
2205-04,平井七丁目第三アパート前,2205,平井七丁目第三アパート前
2207-01,３号バース前,2207,３号バース前
2208-01,潮見駅前,2208,潮見駅前
2208-02,潮見駅前,2208,潮見駅前
2208-05,潮見駅前,2208,潮見駅前
2208-06,潮見駅前,2208,潮見駅前
2209-01,新東京郵便局前,2209,新東京郵便局前
2209-02,新東京郵便局前,2209,新東京郵便局前
2210-01,東京地下鉄総合運動場前,2210,東京地下鉄総合運動場前
2211-01,小松川二丁目,2211,小松川二丁目
2211-02,小松川二丁目,2211,小松川二丁目
2212-01,小松川健康サポートセンター前,2212,小松川健康サポートセンター前
2212-02,小松川健康サポートセンター前,2212,小松川健康サポートセンター前
2213-01,小松川第二小学校前,2213,小松川第二小学校前
2214-01,小松川三丁目アパート前,2214,小松川三丁目アパート前
2215-10,広尾五丁目,2215,広尾五丁目
2215-11,広尾五丁目,2215,広尾五丁目
2217-01,弥生二丁目,2217,弥生二丁目
2217-02,弥生二丁目,2217,弥生二丁目
2218-01,亀戸一丁目,2218,亀戸一丁目
2218-02,亀戸一丁目,2218,亀戸一丁目
2219-01,リバーピア吾妻橋前,2219,リバーピア吾妻橋前
2219-02,リバーピア吾妻橋前,2219,リバーピア吾妻橋前
2219-03,リバーピア吾妻橋前,2219,リバーピア吾妻橋前
2230-02,寒山寺,2230,寒山寺
2231-02,玉堂美術館,2231,玉堂美術館
2232-01,ダイトー大井物流センター前,2232,ダイトー大井物流センター前
2232-02,ダイトー大井物流センター前,2232,ダイトー大井物流センター前
2233-01,臨海車庫前,2233,臨海車庫前
2233-02,臨海車庫前,2233,臨海車庫前
2237-01,新四ツ木橋,2237,新四ツ木橋
2237-02,新四ツ木橋,2237,新四ツ木橋
2238-01,墨田区役所前,2238,墨田区役所前
2248-01,都庁第一本庁舎,2248,都庁第一本庁舎
2249-01,都庁第二本庁舎,2249,都庁第二本庁舎
2250-01,都議会議事堂,2250,都議会議事堂
2251-01,東小松川車庫前,2251,東小松川車庫前
2251-02,東小松川車庫前,2251,東小松川車庫前
2252-01,船堀一丁目,2252,船堀一丁目
2253-01,都立産業技術高専荒川キャンパス前,2253,都立産業技術高専荒川キャンパス前
2253-02,都立産業技術高専荒川キャンパス前,2253,都立産業技術高専荒川キャンパス前
2254-01,南千石橋北詰,2254,南千石橋北詰
2262-01,墨田二丁目,2262,墨田二丁目
2262-02,墨田二丁目,2262,墨田二丁目
2263-01,水神前,2263,水神前
2263-02,水神前,2263,水神前
2264-01,白鬚橋,2264,白鬚橋
2264-02,白鬚橋,2264,白鬚橋
2265-01,墨田区曳舟文化センター前,2265,墨田区曳舟文化センター前
2265-02,墨田区曳舟文化センター前,2265,墨田区曳舟文化センター前
2266-01,押上二丁目,2266,押上二丁目
2266-02,押上二丁目,2266,押上二丁目
2267-01,向島三丁目,2267,向島三丁目
2267-02,向島三丁目,2267,向島三丁目
2268-01,若洲ゴルフリンクス前,2268,若洲ゴルフリンクス前
2268-02,若洲ゴルフリンクス前,2268,若洲ゴルフリンクス前
2269-01,若洲キャンプ場前,2269,若洲キャンプ場前
2271-01,天王洲アイル,2271,天王洲アイル
2271-02,天王洲アイル,2271,天王洲アイル
2271-03,天王洲アイル,2271,天王洲アイル
2272-01,小松川一丁目アパート前,2272,小松川一丁目アパート前
2272-02,小松川一丁目アパート前,2272,小松川一丁目アパート前
2273-01,六ツ又陸橋,2273,六ツ又陸橋
2274-01,南葛西会館前,2274,南葛西会館前
2274-02,南葛西会館前,2274,南葛西会館前
2275-01,南葛西第三小学校前,2275,南葛西第三小学校前
2275-02,南葛西第三小学校前,2275,南葛西第三小学校前
2276-01,東雲二丁目,2276,東雲二丁目
2283-01,天王洲運河,2283,天王洲運河
2283-02,天王洲運河,2283,天王洲運河
2288-01,春海橋,2288,春海橋
2288-03,春海橋,2288,春海橋
2289-01,江戸川臨海郵便局前,2289,江戸川臨海郵便局前
2289-02,江戸川臨海郵便局前,2289,江戸川臨海郵便局前
2289-03,江戸川臨海郵便局前,2289,江戸川臨海郵便局前
2289-04,江戸川臨海郵便局前,2289,江戸川臨海郵便局前
2290-02,神谷陸橋,2290,神谷陸橋
2290-03,神谷陸橋,2290,神谷陸橋
2294-01,北車庫入口,2294,北車庫入口
2298-01,東陽七丁目,2298,東陽七丁目
2298-02,東陽七丁目,2298,東陽七丁目
2305-01,リバーシティ２１,2305,リバーシティ２１
2305-02,リバーシティ２１,2305,リバーシティ２１
2306-01,佃二丁目,2306,佃二丁目
2306-02,佃二丁目,2306,佃二丁目
2308-01,シャシー整理場前,2308,シャシー整理場前
2308-02,シャシー整理場前,2308,シャシー整理場前
2309-01,若洲中央,2309,若洲中央
2309-02,若洲中央,2309,若洲中央
2310-01,江東倉庫組合前,2310,江東倉庫組合前
2310-02,江東倉庫組合前,2310,江東倉庫組合前
2311-01,江東倉庫会館前,2311,江東倉庫会館前
2311-02,江東倉庫会館前,2311,江東倉庫会館前
2312-01,新月島公園前,2312,新月島公園前
2312-02,新月島公園前,2312,新月島公園前
2319-01,芝浦一丁目,2319,芝浦一丁目
2319-02,芝浦一丁目,2319,芝浦一丁目
2320-01,まないた橋,2320,まないた橋
2323-01,国際展示場駅前,2323,国際展示場駅前
2323-02,国際展示場駅前,2323,国際展示場駅前
2324-01,東京ビッグサイト,2324,東京ビッグサイト
2324-03,東京ビッグサイト,2324,東京ビッグサイト
2324-04,東京ビッグサイト,2324,東京ビッグサイト
2324-05,東京ビッグサイト,2324,東京ビッグサイト
2325-01,東京ビッグサイト駅前,2325,東京ビッグサイト駅前
2325-02,東京ビッグサイト駅前,2325,東京ビッグサイト駅前
2326-04,東京テレポート駅前,2326,東京テレポート駅前
2326-05,東京テレポート駅前,2326,東京テレポート駅前
2326-06,東京テレポート駅前,2326,東京テレポート駅前
2326-07,東京テレポート駅前,2326,東京テレポート駅前
2326-08,東京テレポート駅前,2326,東京テレポート駅前
2327-01,テレコムセンター駅前,2327,テレコムセンター駅前
2327-02,テレコムセンター駅前,2327,テレコムセンター駅前
2328-01,潮風公園入口,2328,潮風公園入口
2329-01,台場駅前,2329,台場駅前
2329-02,台場駅前,2329,台場駅前
2330-02,足立区役所,2330,足立区役所
2330-03,足立区役所,2330,足立区役所
2330-04,足立区役所,2330,足立区役所
2331-01,紅葉川高校前,2331,紅葉川高校前
2331-02,紅葉川高校前,2331,紅葉川高校前
2333-01,有明クリーンセンター前,2333,有明クリーンセンター前
2334-01,りんかい線天王洲アイル駅前,2334,りんかい線天王洲アイル駅前
2335-01,天王洲公園前,2335,天王洲公園前
2339-01,恵比寿橋,2339,恵比寿橋
2339-02,恵比寿橋,2339,恵比寿橋
2341-01,小平消防署前,2341,小平消防署前
2341-02,小平消防署前,2341,小平消防署前
2342-01,三ツ橋,2342,三ツ橋
2342-02,三ツ橋,2342,三ツ橋
2343-01,千ヶ瀬,2343,千ヶ瀬
2343-02,千ヶ瀬,2343,千ヶ瀬
2344-01,吹上中学校入口,2344,吹上中学校入口
2344-02,吹上中学校入口,2344,吹上中学校入口
2345-02,柚木町三丁目,2345,柚木町三丁目
2346-01,フジテレビ前,2346,フジテレビ前
2346-02,フジテレビ前,2346,フジテレビ前
2353-01,品川ふ頭橋,2353,品川ふ頭橋
2358-01,大門市民センター前,2358,大門市民センター前
2358-02,大門市民センター前,2358,大門市民センター前
2359-01,東青梅駅北口,2359,東青梅駅北口
2359-02,東青梅駅北口,2359,東青梅駅北口
2361-01,小滝橋車庫前,2361,小滝橋車庫前
2361-02,小滝橋車庫前,2361,小滝橋車庫前
2364-01,南品川五丁目,2364,南品川五丁目
2365-01,船堀スポーツ公園前,2365,船堀スポーツ公園前
2365-02,船堀スポーツ公園前,2365,船堀スポーツ公園前
2366-02,松江六丁目,2366,松江六丁目
2366-04,松江六丁目,2366,松江六丁目
2367-01,松江コミュニティ会館前,2367,松江コミュニティ会館前
2367-02,松江コミュニティ会館前,2367,松江コミュニティ会館前
2368-01,銀杏並木通り,2368,銀杏並木通り
2368-02,銀杏並木通り,2368,銀杏並木通り
2369-01,松江四中通り,2369,松江四中通り
2369-02,松江四中通り,2369,松江四中通り
2370-01,松江第四中学校前,2370,松江第四中学校前
2370-02,松江第四中学校前,2370,松江第四中学校前
2371-01,大杉東小学校前,2371,大杉東小学校前
2371-02,大杉東小学校前,2371,大杉東小学校前
2372-01,東京工科専門学校前,2372,東京工科専門学校前
2373-01,港南大橋東詰,2373,港南大橋東詰
2375-01,多摩高校前,2375,多摩高校前
2375-02,多摩高校前,2375,多摩高校前
2376-01,青梅第一中学校前,2376,青梅第一中学校前
2376-02,青梅第一中学校前,2376,青梅第一中学校前
2377-01,裏宿町,2377,裏宿町
2377-02,裏宿町,2377,裏宿町
2379-01,平野町,2379,平野町
2379-02,平野町,2379,平野町
2380-02,櫛かんざし美術館前,2380,櫛かんざし美術館前
2382-01,船堀七丁目,2382,船堀七丁目
2382-02,船堀七丁目,2382,船堀七丁目
2383-01,みなとが丘ふ頭公園前,2383,みなとが丘ふ頭公園前
2384-01,東青梅四丁目,2384,東青梅四丁目
2384-02,東青梅四丁目,2384,東青梅四丁目
2385-01,総合医療センター前,2385,総合医療センター前
2385-02,総合医療センター前,2385,総合医療センター前
2386-03,河辺駅南口,2386,河辺駅南口
2387-01,青海駅前,2387,青海駅前
2387-02,青海駅前,2387,青海駅前
2388-01,小松川さくらホール前,2388,小松川さくらホール前
2389-01,小松川第二保育園前,2389,小松川第二保育園前
2390-01,チェリーガーデン前,2390,チェリーガーデン前
2391-01,自由の広場前,2391,自由の広場前
2392-01,第二葛西小学校入口,2392,第二葛西小学校入口
2393-01,第二葛西小学校前,2393,第二葛西小学校前
2394-01,東葛西六丁目,2394,東葛西六丁目
2394-02,東葛西六丁目,2394,東葛西六丁目
2395-01,東葛西七丁目,2395,東葛西七丁目
2395-02,東葛西七丁目,2395,東葛西七丁目
2396-01,東葛西八丁目,2396,東葛西八丁目
2396-02,東葛西八丁目,2396,東葛西八丁目
2397-01,東葛西九丁目,2397,東葛西九丁目
2397-02,東葛西九丁目,2397,東葛西九丁目
2398-01,魔法の文学館入口,2398,魔法の文学館入口
2398-02,魔法の文学館入口,2398,魔法の文学館入口
2399-01,城前橋,2399,城前橋
2400-01,山城橋,2400,山城橋
2401-01,大島八丁目,2401,大島八丁目
2403-01,門前仲町二丁目,2403,門前仲町二丁目
2405-10,池袋駅東口（⑩のりば）,2405,池袋駅東口（⑩のりば）
2407-04,東京港湾合同庁舎前,2407,東京港湾合同庁舎前
2407-05,東京港湾合同庁舎前,2407,東京港湾合同庁舎前
2409-01,平井四丁目,2409,平井四丁目
2410-01,神田富山町,2410,神田富山町
2412-01,文京グリーンコート前,2412,文京グリーンコート前
2412-02,文京グリーンコート前,2412,文京グリーンコート前
2413-01,はなみずき通り中央,2413,はなみずき通り中央
2413-02,はなみずき通り中央,2413,はなみずき通り中央
2414-01,荒川区立第三中学校前,2414,荒川区立第三中学校前
2414-02,荒川区立第三中学校前,2414,荒川区立第三中学校前
2434-01,北品川,2434,北品川
2434-02,北品川,2434,北品川
2435-01,富士公園前,2435,富士公園前
2435-02,富士公園前,2435,富士公園前
2436-01,南葛西四丁目,2436,南葛西四丁目
2436-02,南葛西四丁目,2436,南葛西四丁目
2437-01,晴海トリトンスクエア中央,2437,晴海トリトンスクエア中央
2439-01,南砂町駅前,2439,南砂町駅前
2439-02,南砂町駅前,2439,南砂町駅前
2440-03,南砂三丁目みどり団地前,2440,南砂三丁目みどり団地前
2440-04,南砂三丁目みどり団地前,2440,南砂三丁目みどり団地前
2442-01,晴海トリトンスクエア前,2442,晴海トリトンスクエア前
2443-01,南千住駅東口,2443,南千住駅東口
2443-03,南千住駅東口,2443,南千住駅東口
2443-04,南千住駅東口,2443,南千住駅東口
2444-01,南千住四丁目,2444,南千住四丁目
2444-02,南千住四丁目,2444,南千住四丁目
2445-01,梅若橋コミュニティ会館前,2445,梅若橋コミュニティ会館前
2448-01,葛西第三中学校入口,2448,葛西第三中学校入口
2448-02,葛西第三中学校入口,2448,葛西第三中学校入口
2449-01,東京臨海病院前,2449,東京臨海病院前
2449-02,東京臨海病院前,2449,東京臨海病院前
2449-03,東京臨海病院前,2449,東京臨海病院前
2450-01,船堀三丁目,2450,船堀三丁目
2450-02,船堀三丁目,2450,船堀三丁目
2451-01,くすのきカルチャーセンター前,2451,くすのきカルチャーセンター前
2451-02,くすのきカルチャーセンター前,2451,くすのきカルチャーセンター前
2452-01,行船公園前,2452,行船公園前
2452-02,行船公園前,2452,行船公園前
2453-01,南葛西住宅前,2453,南葛西住宅前
2453-02,南葛西住宅前,2453,南葛西住宅前
2454-01,三栄町,2454,三栄町
2454-02,三栄町,2454,三栄町
2455-01,新宿消防署,2455,新宿消防署
2455-02,新宿消防署,2455,新宿消防署
2456-01,東京海洋大学本部前,2456,東京海洋大学本部前
2456-02,東京海洋大学本部前,2456,東京海洋大学本部前
2457-01,吹上しょうぶ公園入口,2457,吹上しょうぶ公園入口
2457-02,吹上しょうぶ公園入口,2457,吹上しょうぶ公園入口
2458-01,江東高齢者医療センター,2458,江東高齢者医療センター
2458-02,江東高齢者医療センター,2458,江東高齢者医療センター
2459-01,小名木川小学校入口,2459,小名木川小学校入口
2459-02,小名木川小学校入口,2459,小名木川小学校入口
2460-01,新砂三丁目アパート,2460,新砂三丁目アパート
2462-01,東田端一丁目,2462,東田端一丁目
2462-02,東田端一丁目,2462,東田端一丁目
2463-01,品川シーサイド駅前,2463,品川シーサイド駅前
2463-02,品川シーサイド駅前,2463,品川シーサイド駅前
2464-01,浅草雷門南,2464,浅草雷門南
2465-01,雷門一丁目,2465,雷門一丁目
2467-01,江北小学校前,2467,江北小学校前
2467-02,江北小学校前,2467,江北小学校前
2468-01,鹿浜菜の花中学校入口,2468,鹿浜菜の花中学校入口
2468-02,鹿浜菜の花中学校入口,2468,鹿浜菜の花中学校入口
2469-01,東京北部病院前,2469,東京北部病院前
2469-02,東京北部病院前,2469,東京北部病院前
2470-01,押部,2470,押部
2470-02,押部,2470,押部
2471-01,鹿浜八丁目,2471,鹿浜八丁目
2471-02,鹿浜八丁目,2471,鹿浜八丁目
2472-01,皿沼一丁目,2472,皿沼一丁目
2473-01,加賀団地,2473,加賀団地
2474-01,練馬駅,2474,練馬駅
2476-01,氷川神社前,2476,氷川神社前
2476-02,氷川神社前,2476,氷川神社前
2477-01,放射１１号舎人,2477,放射１１号舎人
2477-02,放射１１号舎人,2477,放射１１号舎人
2478-01,入谷一丁目,2478,入谷一丁目
2478-02,入谷一丁目,2478,入谷一丁目
2480-01,六本木ヒルズ,2480,六本木ヒルズ
2481-02,六本木けやき坂,2481,六本木けやき坂
2482-13,甘泉園公園前,2482,甘泉園公園前
2482-14,甘泉園公園前,2482,甘泉園公園前
2489-01,木場一丁目,2489,木場一丁目
2490-01,塩崎荘前,2490,塩崎荘前
2491-01,潮見二丁目,2491,潮見二丁目
2491-02,潮見二丁目,2491,潮見二丁目
2493-01,港湾住宅前,2493,港湾住宅前
2495-01,キャナルコート３街区前,2495,キャナルコート３街区前
2496-01,キャナルコート２街区前,2496,キャナルコート２街区前
2497-01,キャナルコート４街区前,2497,キャナルコート４街区前
2498-07,田町駅東口前,2498,田町駅東口前
2498-08,田町駅東口前,2498,田町駅東口前
2498-09,田町駅東口前,2498,田町駅東口前
2499-01,ハートアイランド入口,2499,ハートアイランド入口
2499-02,ハートアイランド入口,2499,ハートアイランド入口
2500-01,臨海車庫,2500,臨海車庫
2501-01,宇喜田公園前,2501,宇喜田公園前
2501-02,宇喜田公園前,2501,宇喜田公園前
2502-01,区立自然動物園前,2502,区立自然動物園前
2502-02,区立自然動物園前,2502,区立自然動物園前
2503-01,東砂六丁目北,2503,東砂六丁目北
2503-02,東砂六丁目北,2503,東砂六丁目北
2504-01,江戸川区口腔保健センター入口,2504,江戸川区口腔保健センター入口
2505-01,がん研有明病院前,2505,がん研有明病院前
2506-01,西葛西駅南,2506,西葛西駅南
2507-01,清新町健康サポートセンター前,2507,清新町健康サポートセンター前
2508-01,清砂大橋西,2508,清砂大橋西
2509-01,南砂町駅入口,2509,南砂町駅入口
2509-02,南砂町駅入口,2509,南砂町駅入口
2509-03,南砂町駅入口,2509,南砂町駅入口
2510-01,足立流通センター南,2510,足立流通センター南
2510-02,足立流通センター南,2510,足立流通センター南
2512-01,軍畑駅入口,2512,軍畑駅入口
2513-01,沢井駅入口,2513,沢井駅入口
2514-01,鵜の瀬橋入口,2514,鵜の瀬橋入口
2515-01,御嶽駅前,2515,御嶽駅前
2519-01,ハートアイランド西,2519,ハートアイランド西
2519-02,ハートアイランド西,2519,ハートアイランド西
2520-01,江東高齢者医療センター入口,2520,江東高齢者医療センター入口
2520-02,江東高齢者医療センター入口,2520,江東高齢者医療センター入口
2522-01,港南小学校前,2522,港南小学校前
2522-02,港南小学校前,2522,港南小学校前
2523-01,深川暁橋南,2523,深川暁橋南
2524-01,潮見一丁目アパート前,2524,潮見一丁目アパート前
2524-02,潮見一丁目アパート前,2524,潮見一丁目アパート前
2525-01,漣橋南詰,2525,漣橋南詰
2525-02,漣橋南詰,2525,漣橋南詰
2526-01,第二辰巳小学校前,2526,第二辰巳小学校前
2527-01,辰巳中央,2527,辰巳中央
2528-01,辰巳一丁目北,2528,辰巳一丁目北
2529-01,東部療育センター前,2529,東部療育センター前
2530-01,枝川三丁目,2530,枝川三丁目
2530-02,枝川三丁目,2530,枝川三丁目
2533-01,江北一丁目アパート前,2533,江北一丁目アパート前
2533-02,江北一丁目アパート前,2533,江北一丁目アパート前
2534-01,江北二丁目,2534,江北二丁目
2534-02,江北二丁目,2534,江北二丁目
2535-02,加賀一丁目,2535,加賀一丁目
2536-02,加賀,2536,加賀
2537-02,加賀中学校入口,2537,加賀中学校入口
2538-01,浜路橋,2538,浜路橋
2538-02,浜路橋,2538,浜路橋
2539-01,海岸通り裏,2539,海岸通り裏
2540-01,芝浦埠頭,2540,芝浦埠頭
2540-02,芝浦埠頭,2540,芝浦埠頭
2541-01,埠頭公園入口,2541,埠頭公園入口
2541-02,埠頭公園入口,2541,埠頭公園入口
2542-01,青海二丁目,2542,青海二丁目
2542-02,青海二丁目,2542,青海二丁目
2543-01,環境局中防合同庁舎前,2543,環境局中防合同庁舎前
2543-02,環境局中防合同庁舎前,2543,環境局中防合同庁舎前
2544-01,中央防波堤,2544,中央防波堤
2544-02,中央防波堤,2544,中央防波堤
2546-01,日本科学未来館前,2546,日本科学未来館前
2546-02,日本科学未来館前,2546,日本科学未来館前
2547-01,シンボルプロムナード公園前,2547,シンボルプロムナード公園前
2548-03,青梅車庫前,2548,青梅車庫前
2549-01,榎町特別出張所前,2549,榎町特別出張所前
2549-02,榎町特別出張所前,2549,榎町特別出張所前
2555-01,ハートアイランド北,2555,ハートアイランド北
2555-02,ハートアイランド北,2555,ハートアイランド北
2556-01,ハートアイランド東,2556,ハートアイランド東
2556-02,ハートアイランド東,2556,ハートアイランド東
2557-01,新豊橋,2557,新豊橋
2557-02,新豊橋,2557,新豊橋
2558-01,台場二丁目,2558,台場二丁目
2558-02,台場二丁目,2558,台場二丁目
2560-01,日本科学未来館,2560,日本科学未来館
2562-01,飯倉片町,2562,飯倉片町
2562-02,飯倉片町,2562,飯倉片町
2564-01,ハートアイランド南,2564,ハートアイランド南
2564-02,ハートアイランド南,2564,ハートアイランド南
2566-01,江北駅前,2566,江北駅前
2566-02,江北駅前,2566,江北駅前
2566-03,江北駅前,2566,江北駅前
2567-01,足立小台駅前,2567,足立小台駅前
2567-02,足立小台駅前,2567,足立小台駅前
2567-03,足立小台駅前,2567,足立小台駅前
2568-01,扇大橋駅前,2568,扇大橋駅前
2568-02,扇大橋駅前,2568,扇大橋駅前
2569-01,見沼代親水公園駅前,2569,見沼代親水公園駅前
2569-02,見沼代親水公園駅前,2569,見沼代親水公園駅前
2570-01,木場公園,2570,木場公園
2570-02,木場公園,2570,木場公園
2571-01,江東橋五丁目,2571,江東橋五丁目
2572-01,赤坂アークヒルズ,2572,赤坂アークヒルズ
2573-01,小川町一丁目アパート前,2573,小川町一丁目アパート前
2573-02,小川町一丁目アパート前,2573,小川町一丁目アパート前
2574-01,ドナウ通り,2574,ドナウ通り
2574-02,ドナウ通り,2574,ドナウ通り
2575-01,仲町会館入口,2575,仲町会館入口
2578-01,新宿ここ・から広場前,2578,新宿ここ・から広場前
2578-02,新宿ここ・から広場前,2578,新宿ここ・から広場前
2579-01,国立がん研究センター前,2579,国立がん研究センター前
2579-02,国立がん研究センター前,2579,国立がん研究センター前
2580-01,江東図書館入口,2580,江東図書館入口
2580-02,江東図書館入口,2580,江東図書館入口
2581-01,港南大橋下,2581,港南大橋下
2582-01,南千住駅西口,2582,南千住駅西口
2583-01,立花一丁目,2583,立花一丁目
2583-02,立花一丁目,2583,立花一丁目
2584-01,赤羽橋交差点,2584,赤羽橋交差点
2584-02,赤羽橋交差点,2584,赤羽橋交差点
2585-01,今井児童交通公園前,2585,今井児童交通公園前
2585-02,今井児童交通公園前,2585,今井児童交通公園前
2586-01,武蔵野大学前,2586,武蔵野大学前
2586-02,武蔵野大学前,2586,武蔵野大学前
2587-01,深川八中南,2587,深川八中南
2587-02,深川八中南,2587,深川八中南
2588-02,王子消防署前,2588,王子消防署前
2589-01,新豊洲駅前,2589,新豊洲駅前
2589-02,新豊洲駅前,2589,新豊洲駅前
2589-03,新豊洲駅前,2589,新豊洲駅前
2589-04,新豊洲駅前,2589,新豊洲駅前
2590-01,国際展示場駅入口,2590,国際展示場駅入口
2591-01,昭和大学江東豊洲病院前,2591,昭和大学江東豊洲病院前
2591-02,昭和大学江東豊洲病院前,2591,昭和大学江東豊洲病院前
2592-01,東陽橋南,2592,東陽橋南
2592-02,東陽橋南,2592,東陽橋南
2593-01,本駒込五丁目,2593,本駒込五丁目
2594-01,かえつ学園西,2594,かえつ学園西
2595-01,花小金井駅北口,2595,花小金井駅北口
2595-02,花小金井駅北口,2595,花小金井駅北口
2596-01,市場前駅前,2596,市場前駅前
2596-02,市場前駅前,2596,市場前駅前
2597-01,豊洲市場,2597,豊洲市場
2597-02,豊洲市場,2597,豊洲市場
2598-01,水産仲卸棟,2598,水産仲卸棟
2598-02,水産仲卸棟,2598,水産仲卸棟
2598-03,水産仲卸棟,2598,水産仲卸棟
2598-04,水産仲卸棟,2598,水産仲卸棟
2604-01,池袋サンシャインシティ,2604,池袋サンシャインシティ
2604-02,池袋サンシャインシティ,2604,池袋サンシャインシティ
2605-01,今戸二丁目,2605,今戸二丁目
2606-01,大田市場北門東,2606,大田市場北門東
2607-02,大田市場北門西,2607,大田市場北門西
2608-01,日本女子大（構内）,2608,日本女子大（構内）
2610-01,有明ガーデン,2610,有明ガーデン
2610-02,有明ガーデン,2610,有明ガーデン
2617-02,東京女子医大足立医療センター,2617,東京女子医大足立医療センター
2622-01,東京女子医大足立医療センター前,2622,東京女子医大足立医療センター前
2622-02,東京女子医大足立医療センター前,2622,東京女子医大足立医療センター前
2623-02,海の森水上競技場,2623,海の森水上競技場
2625-04,菅原橋西,2625,菅原橋西
2627-01,晴海五丁目ターミナル,2627,晴海五丁目ターミナル
2627-02,晴海五丁目ターミナル,2627,晴海五丁目ターミナル
2628-02,晴海ふ頭公園北,2628,晴海ふ頭公園北
2629-01,晴海ふ頭公園南,2629,晴海ふ頭公園南
2630-01,海の森公園,2630,海の森公園
2630-02,海の森公園,2630,海の森公園
3334-01,日本女子大前（豊明小学校前）,3334,日本女子大前（豊明小学校前）
